{
  "name": "rank191_fold4_paper_4fold_bwd_1__smooth_h4_p019_eps1e-03",
  "rank": 191,
  "kind": "bonnet_atlas_theorem9",
  "seed_label": "paper_4fold_bwd_1",
  "forcing_label": "smooth_h4_p019",
  "forcing_family": "smooth_low_freq",
  "symmetry_fold": 4,
  "tau_imag": 0.31826282050000004,
  "delta": 1.6160043829605861,
  "s1": -3.13060628,
  "s2": 0.64229967947852,
  "epsilon": 0.001,
  "epsilon_bonnet": 0.3,
  "alpha": [
    0.00022875596033011374,
    -0.0810510313733771,
    0.13356154544377913
  ],
  "residual_norm": 7.564148760345446e-05,
  "ratio": 0.9999848800165667,
  "verified_ratio": 0.9999855648067378,
  "validation_score": 0.00013640406033220865,
  "b_scalar": 7.094436254700617e-05,
  "c_scalar": 1.1155708719470369e-05,
  "closure": {
    "rotation_angle": 1.5707736520463438,
    "k_fold": 4,
    "k_theta_over_2pi": 0.9999855648067378,
    "rationality_error": 1.443519326216336e-05,
    "is_rational": true,
    "axis_direction": [
      -0.004061569039072901,
      0.9996408755214778,
      -0.026488179318218348
    ],
    "B_tilde_end": [
      1.7132733973371053,
      -0.03808218925142786,
      -1.7037751548144024
    ],
    "axial_projection": 0.0001028106274855306,
    "axial_projection_abs": 0.0001028106274855306,
    "axial_B_norm": 2.4165276256074644,
    "paper_axial_scalar": null,
    "paper_axial_scalar_abs": null,
    "f_plus_closure_max": 7.793374687040259,
    "f_plus_closure_mean": 3.808739529295214,
    "f_minus_closure_max": 7.7532633131698,
    "f_minus_closure_mean": 3.800540955521394,
    "euler_plus": {
      "vertices": 6400,
      "edges": 12800,
      "faces": 6400,
      "euler_characteristic": 0,
      "expected": 0,
      "ok": true
    },
    "euler_minus": {
      "vertices": 6400,
      "edges": 12800,
      "faces": 6400,
      "euler_characteristic": 0,
      "expected": 0,
      "ok": true
    },
    "all_ok": true
  },
  "isometry": {
    "E_max_abs_err": 6.821210263296962e-13,
    "F_max_abs_err": 3174.428802445522,
    "G_max_abs_err": 2964.425052192253,
    "E_max_rel_err": 3.2256291295018755e-14,
    "F_max_scaled_err": 1.5791986417299142,
    "G_max_rel_err": 1.1507033037089687,
    "metric_max_err": 3174.428802445522,
    "interior_E_max_abs_err": 1.5631940186722204e-13,
    "interior_F_max_abs_err": 3.6390777206332245,
    "interior_G_max_abs_err": 3.0548993607550194,
    "interior_E_max_rel_err": 1.475143153344052e-14,
    "interior_F_max_scaled_err": 1.1034866109307018,
    "interior_G_max_rel_err": 1.1507033037089687,
    "interior_metric_max_err": 3.6390777206332245,
    "interior_metric_mean_err": 1.281387770111569,
    "trim_margin": 8
  },
  "mean_curvature": {
    "H_plus_mean": 0.6234830474054138,
    "H_minus_mean": 0.6179983384455925,
    "max_abs_diff": 85.09107450716347,
    "mean_abs_diff": 0.32935315042374014,
    "interior_max_diff": 1.6112494418077432,
    "interior_mean_diff": 0.15101642335799748,
    "trim_margin": 8
  },
  "non_congruence": {
    "procrustes_disparity": 0.4029000891989296,
    "direct_mean_distance": 2.3848999995019673,
    "direct_max_distance": 11.711103657033824,
    "scale_ratio": 1.0002832482758723,
    "is_non_congruent": true
  },
  "n_vertices": 6400,
  "n_triangles": 12800,
  "n_flux_edges": 13529,
  "resolution": 80,
  "output_files": [
    "rank191_fold4_paper_4fold_bwd_1__smooth_h4_p019_eps1e-03_f_plus.obj",
    "rank191_fold4_paper_4fold_bwd_1__smooth_h4_p019_eps1e-03_f_minus.obj",
    "rank191_fold4_paper_4fold_bwd_1__smooth_h4_p019_eps1e-03_flux.obj",
    "rank191_fold4_paper_4fold_bwd_1__smooth_h4_p019_eps1e-03_material.mtl",
    "rank191_fold4_paper_4fold_bwd_1__smooth_h4_p019_eps1e-03_metadata.json"
  ],
  "time_seconds": 531.44
}