{
  "name": "rank084_fold3_paper_3fold_bwd_9__anti_h9_p033_eps8e-04",
  "rank": 84,
  "kind": "bonnet_atlas_theorem9",
  "seed_label": "paper_3fold_bwd_9",
  "forcing_label": "anti_h9_p033",
  "forcing_family": "anti_reflection",
  "symmetry_fold": 3,
  "tau_imag": 0.29730578925,
  "delta": 2.050823888971856,
  "s1": -3.601381552,
  "s2": 1.0557707132350325,
  "epsilon": 0.00075,
  "epsilon_bonnet": 0.3,
  "alpha": [
    0.006830044454353933,
    -0.08346162026825088,
    0.21294187476300522
  ],
  "residual_norm": 9.081065375251382e-07,
  "ratio": 1.0000000747352074,
  "verified_ratio": 0.9999846806795377,
  "validation_score": 1.0549964639039441e-08,
  "b_scalar": -8.945055701981008e-07,
  "c_scalar": -4.09798238659026e-09,
  "closure": {
    "rotation_angle": 2.094363017683447,
    "k_fold": 3,
    "k_theta_over_2pi": 0.9999846806795377,
    "rationality_error": 1.531932046228146e-05,
    "is_rational": true,
    "axis_direction": [
      -0.0012060310240671755,
      0.9373338986056114,
      0.3484303488704366
    ],
    "B_tilde_end": [
      1.6177674946472649,
      0.3244454814693622,
      -0.8672309446012402
    ],
    "axial_projection": -6.910336268484141e-06,
    "axial_projection_abs": 6.910336268484141e-06,
    "axial_B_norm": 1.864008060191032,
    "paper_axial_scalar": null,
    "paper_axial_scalar_abs": null,
    "f_plus_closure_max": 7.854095488661993,
    "f_plus_closure_mean": 3.1731791692889955,
    "f_minus_closure_max": 7.83767141050848,
    "f_minus_closure_mean": 3.1682515312922455,
    "euler_plus": {
      "vertices": 6400,
      "edges": 12800,
      "faces": 6400,
      "euler_characteristic": 0,
      "expected": 0,
      "ok": true
    },
    "euler_minus": {
      "vertices": 6400,
      "edges": 12800,
      "faces": 6400,
      "euler_characteristic": 0,
      "expected": 0,
      "ok": true
    },
    "all_ok": true
  },
  "isometry": {
    "E_max_abs_err": 2.5579538487363607e-13,
    "F_max_abs_err": 833.0704435571349,
    "G_max_abs_err": 1297.902523309308,
    "E_max_rel_err": 2.5989438286811106e-14,
    "F_max_scaled_err": 1.8792781423366904,
    "G_max_rel_err": 2.5714438453150623,
    "metric_max_err": 1297.902523309308,
    "interior_E_max_abs_err": 1.7053025658242404e-13,
    "interior_F_max_abs_err": 23.519566208839453,
    "interior_G_max_abs_err": 4.2161290885879765,
    "interior_E_max_rel_err": 1.9223419127789767e-14,
    "interior_F_max_scaled_err": 1.8792781423366904,
    "interior_G_max_rel_err": 2.5714438453150623,
    "interior_metric_max_err": 23.519566208839453,
    "interior_metric_mean_err": 1.4678080498520227,
    "trim_margin": 8
  },
  "mean_curvature": {
    "H_plus_mean": 0.7525517953570382,
    "H_minus_mean": 0.7325406483937877,
    "max_abs_diff": 16.261784304360052,
    "mean_abs_diff": 0.4301308595264154,
    "interior_max_diff": 10.551847091715048,
    "interior_mean_diff": 0.4081169631667325,
    "trim_margin": 8
  },
  "non_congruence": {
    "procrustes_disparity": 0.5222042918812952,
    "direct_mean_distance": 1.9718361966478326,
    "direct_max_distance": 8.417285333640997,
    "scale_ratio": 1.000575821766559,
    "is_non_congruent": true
  },
  "n_vertices": 6400,
  "n_triangles": 12800,
  "n_flux_edges": 13529,
  "resolution": 80,
  "output_files": [
    "rank084_fold3_paper_3fold_bwd_9__anti_h9_p033_eps8e-04_f_plus.obj",
    "rank084_fold3_paper_3fold_bwd_9__anti_h9_p033_eps8e-04_f_minus.obj",
    "rank084_fold3_paper_3fold_bwd_9__anti_h9_p033_eps8e-04_flux.obj",
    "rank084_fold3_paper_3fold_bwd_9__anti_h9_p033_eps8e-04_material.mtl",
    "rank084_fold3_paper_3fold_bwd_9__anti_h9_p033_eps8e-04_metadata.json"
  ],
  "time_seconds": 465.73
}