{
  "name": "rank195_fold3_paper_3fold_bwd_15__sym_h12_p013_eps8e-04",
  "rank": 195,
  "kind": "bonnet_atlas_theorem9",
  "seed_label": "paper_3fold_bwd_15",
  "forcing_label": "sym_h12_p013",
  "forcing_family": "symmetry_aware",
  "symmetry_fold": 3,
  "tau_imag": 0.27930578925,
  "delta": 2.2285730445846834,
  "s1": -3.601381552,
  "s2": 1.3072031349506361,
  "epsilon": 0.00075,
  "epsilon_bonnet": 0.3,
  "alpha": [
    -0.0073798036102312005,
    -0.0337925892256882,
    0.020036039793222292
  ],
  "residual_norm": 0.00010936227958527981,
  "ratio": 0.9999738928230584,
  "verified_ratio": 0.99985888283848,
  "validation_score": 0.00014995386380234604,
  "b_scalar": -9.471189655986534e-05,
  "c_scalar": 1.6476538905810245e-08,
  "closure": {
    "rotation_angle": 2.0940995473012443,
    "k_fold": 3,
    "k_theta_over_2pi": 0.99985888283848,
    "rationality_error": 0.000141117161519988,
    "is_rational": true,
    "axis_direction": [
      -0.003749586046038235,
      0.8343827682071384,
      0.5511726922875226
    ],
    "B_tilde_end": [
      1.1814363765671139,
      0.38101818761519524,
      -0.5679507857852464
    ],
    "axial_projection": 0.0004461490797071366,
    "axial_projection_abs": 0.0004461490797071366,
    "axial_B_norm": 1.3651134993998404,
    "paper_axial_scalar": null,
    "paper_axial_scalar_abs": null,
    "f_plus_closure_max": 7.907203888709724,
    "f_plus_closure_mean": 2.7976240589444927,
    "f_minus_closure_max": 7.886133883320815,
    "f_minus_closure_mean": 2.792962220761133,
    "euler_plus": {
      "vertices": 6400,
      "edges": 12800,
      "faces": 6400,
      "euler_characteristic": 0,
      "expected": 0,
      "ok": true
    },
    "euler_minus": {
      "vertices": 6400,
      "edges": 12800,
      "faces": 6400,
      "euler_characteristic": 0,
      "expected": 0,
      "ok": true
    },
    "all_ok": true
  },
  "isometry": {
    "E_max_abs_err": 2.8421709430404007e-13,
    "F_max_abs_err": 886.0006772566655,
    "G_max_abs_err": 1234.1444904372947,
    "E_max_rel_err": 2.3021141346659793e-14,
    "F_max_scaled_err": 2.0448050345278816,
    "G_max_rel_err": 3.5677027235899326,
    "metric_max_err": 1234.1444904372947,
    "interior_E_max_abs_err": 2.2737367544323206e-13,
    "interior_F_max_abs_err": 11.10575978049587,
    "interior_G_max_abs_err": 13.11722282133519,
    "interior_E_max_rel_err": 2.1017611714448504e-14,
    "interior_F_max_scaled_err": 2.0448050345278816,
    "interior_G_max_rel_err": 3.5677027235899326,
    "interior_metric_max_err": 13.11722282133519,
    "interior_metric_mean_err": 1.4249180326859607,
    "trim_margin": 8
  },
  "mean_curvature": {
    "H_plus_mean": 1.374231839895437,
    "H_minus_mean": 1.4129693915576667,
    "max_abs_diff": 3257.1877819003676,
    "mean_abs_diff": 1.6747780202826383,
    "interior_max_diff": 3257.1877819003676,
    "interior_mean_diff": 2.3320562524792576,
    "trim_margin": 8
  },
  "non_congruence": {
    "procrustes_disparity": 0.5104882510033157,
    "direct_mean_distance": 1.7391001559132295,
    "direct_max_distance": 8.206084230716845,
    "scale_ratio": 1.000026492947631,
    "is_non_congruent": true
  },
  "n_vertices": 6400,
  "n_triangles": 12800,
  "n_flux_edges": 13529,
  "resolution": 80,
  "output_files": [
    "rank195_fold3_paper_3fold_bwd_15__sym_h12_p013_eps8e-04_f_plus.obj",
    "rank195_fold3_paper_3fold_bwd_15__sym_h12_p013_eps8e-04_f_minus.obj",
    "rank195_fold3_paper_3fold_bwd_15__sym_h12_p013_eps8e-04_flux.obj",
    "rank195_fold3_paper_3fold_bwd_15__sym_h12_p013_eps8e-04_material.mtl",
    "rank195_fold3_paper_3fold_bwd_15__sym_h12_p013_eps8e-04_metadata.json"
  ],
  "time_seconds": 546.27
}