{
  "name": "rank024_fold3_paper_3fold_bwd_13__phase_h7_p041_eps1e-03",
  "rank": 24,
  "kind": "bonnet_atlas_theorem9",
  "seed_label": "paper_3fold_bwd_13",
  "forcing_label": "phase_h7_p041",
  "forcing_family": "phase_shifted",
  "symmetry_fold": 3,
  "tau_imag": 0.28530578925,
  "delta": 2.1621064653644217,
  "s1": -3.601381552,
  "s2": 1.232475062839761,
  "epsilon": 0.001,
  "epsilon_bonnet": 0.3,
  "alpha": [
    -0.012146882285903453,
    -0.08812919668545595,
    0.12483600408446989
  ],
  "residual_norm": 3.5614612906431835e-10,
  "ratio": 1.0000000001383482,
  "verified_ratio": 0.9999728388958894,
  "validation_score": 5.113196378930127e-10,
  "b_scalar": -2.0569991543428756e-10,
  "c_scalar": 4.917941054394248e-16,
  "closure": {
    "rotation_angle": 2.0943382163097706,
    "k_fold": 3,
    "k_theta_over_2pi": 0.9999728388958894,
    "rationality_error": 2.7161104110606793e-05,
    "is_rational": true,
    "axis_direction": [
      -0.006902741772152702,
      0.8712322730210487,
      0.4908224512006393
    ],
    "B_tilde_end": [
      1.301776284476375,
      0.3764092384015621,
      -0.6498472492158563
    ],
    "axial_projection": -5.568944257350328e-06,
    "axial_projection_abs": 5.568944257350328e-06,
    "axial_B_norm": 1.5028662139034783,
    "paper_axial_scalar": null,
    "paper_axial_scalar_abs": null,
    "f_plus_closure_max": 7.878699258707369,
    "f_plus_closure_mean": 2.8763985441582904,
    "f_minus_closure_max": 7.839364464408485,
    "f_minus_closure_mean": 2.8667071470427317,
    "euler_plus": {
      "vertices": 6400,
      "edges": 12800,
      "faces": 6400,
      "euler_characteristic": 0,
      "expected": 0,
      "ok": true
    },
    "euler_minus": {
      "vertices": 6400,
      "edges": 12800,
      "faces": 6400,
      "euler_characteristic": 0,
      "expected": 0,
      "ok": true
    },
    "all_ok": true
  },
  "isometry": {
    "E_max_abs_err": 2.5579538487363607e-13,
    "F_max_abs_err": 763.046995910029,
    "G_max_abs_err": 1278.4969355395115,
    "E_max_rel_err": 1.9932597234030727e-14,
    "F_max_scaled_err": 2.0042960785474753,
    "G_max_rel_err": 3.003394625598273,
    "metric_max_err": 1278.4969355395115,
    "interior_E_max_abs_err": 2.5579538487363607e-13,
    "interior_F_max_abs_err": 36.39614360779671,
    "interior_G_max_abs_err": 5.646720832434156,
    "interior_E_max_rel_err": 1.7904557788880183e-14,
    "interior_F_max_scaled_err": 2.0042960785474753,
    "interior_G_max_rel_err": 3.003394625598273,
    "interior_metric_max_err": 36.39614360779671,
    "interior_metric_mean_err": 1.5147834140867593,
    "trim_margin": 8
  },
  "mean_curvature": {
    "H_plus_mean": 0.866158153600455,
    "H_minus_mean": 0.8434666732254107,
    "max_abs_diff": 96.68745519561541,
    "mean_abs_diff": 0.6056346581375442,
    "interior_max_diff": 96.68745519561541,
    "interior_mean_diff": 0.6598864347700475,
    "trim_margin": 8
  },
  "non_congruence": {
    "procrustes_disparity": 0.523322344618953,
    "direct_mean_distance": 1.8029014591676584,
    "direct_max_distance": 8.1013997060291,
    "scale_ratio": 1.0002828515089623,
    "is_non_congruent": true
  },
  "n_vertices": 6400,
  "n_triangles": 12800,
  "n_flux_edges": 13529,
  "resolution": 80,
  "output_files": [
    "rank024_fold3_paper_3fold_bwd_13__phase_h7_p041_eps1e-03_f_plus.obj",
    "rank024_fold3_paper_3fold_bwd_13__phase_h7_p041_eps1e-03_f_minus.obj",
    "rank024_fold3_paper_3fold_bwd_13__phase_h7_p041_eps1e-03_flux.obj",
    "rank024_fold3_paper_3fold_bwd_13__phase_h7_p041_eps1e-03_material.mtl",
    "rank024_fold3_paper_3fold_bwd_13__phase_h7_p041_eps1e-03_metadata.json"
  ],
  "time_seconds": 385.51
}