{
  "name": "rank227_fold4_paper_4fold_bwd_15__smooth_h4_p019_eps1e-04",
  "rank": 227,
  "kind": "bonnet_atlas_theorem9",
  "seed_label": "paper_4fold_bwd_15",
  "forcing_label": "smooth_h4_p019",
  "forcing_family": "smooth_low_freq",
  "symmetry_fold": 4,
  "tau_imag": 0.27930578925,
  "delta": 1.8503682418819172,
  "s1": -3.13060628,
  "s2": 1.5485459929999899,
  "epsilon": 0.0001,
  "epsilon_bonnet": 0.3,
  "alpha": [
    0.005969081588797718,
    -0.04398523307565169,
    0.20342896580999253
  ],
  "residual_norm": 0.0036459245226805183,
  "ratio": 1.001437178680988,
  "verified_ratio": 1.0014348401354993,
  "validation_score": 0.03870122803953565,
  "b_scalar": -0.0023818981101202084,
  "c_scalar": -0.001588380644963066,
  "closure": {
    "rotation_angle": 1.5730501684092768,
    "k_fold": 4,
    "k_theta_over_2pi": 1.0014348401354993,
    "rationality_error": 0.0014348401354993268,
    "is_rational": true,
    "axis_direction": [
      -0.005510100692002936,
      0.8596099451387258,
      0.5109211103575196
    ],
    "B_tilde_end": [
      0.7948124542046965,
      0.411437753755546,
      -0.6783435702412558
    ],
    "axial_projection": 0.002716438168333113,
    "axial_projection_abs": 0.002716438168333113,
    "axial_B_norm": 1.1230128502657284,
    "paper_axial_scalar": null,
    "paper_axial_scalar_abs": null,
    "f_plus_closure_max": 4.821917773495523,
    "f_plus_closure_mean": 2.1329526564900902,
    "f_minus_closure_max": 4.798299350963924,
    "f_minus_closure_mean": 2.1274572180459246,
    "euler_plus": {
      "vertices": 6400,
      "edges": 12800,
      "faces": 6400,
      "euler_characteristic": 0,
      "expected": 0,
      "ok": true
    },
    "euler_minus": {
      "vertices": 6400,
      "edges": 12800,
      "faces": 6400,
      "euler_characteristic": 0,
      "expected": 0,
      "ok": true
    },
    "all_ok": true
  },
  "isometry": {
    "E_max_abs_err": 1.9895196601282805e-13,
    "F_max_abs_err": 562.8304546859205,
    "G_max_abs_err": 510.3267534474944,
    "E_max_rel_err": 1.846687855977985e-14,
    "F_max_scaled_err": 1.8344779468014611,
    "G_max_rel_err": 3.5207831359061146,
    "metric_max_err": 562.8304546859205,
    "interior_E_max_abs_err": 1.7053025658242404e-13,
    "interior_F_max_abs_err": 6.983309106739637,
    "interior_G_max_abs_err": 8.811509649635724,
    "interior_E_max_rel_err": 1.846687855977985e-14,
    "interior_F_max_scaled_err": 1.8344779468014611,
    "interior_G_max_rel_err": 3.5207831359061146,
    "interior_metric_max_err": 8.811509649635724,
    "interior_metric_mean_err": 1.2420449575213748,
    "trim_margin": 8
  },
  "mean_curvature": {
    "H_plus_mean": 0.9386863921795316,
    "H_minus_mean": 0.9218958969571506,
    "max_abs_diff": 140.31096461743303,
    "mean_abs_diff": 0.5955119216434903,
    "interior_max_diff": 13.217343855072796,
    "interior_mean_diff": 0.5746478601413436,
    "trim_margin": 8
  },
  "non_congruence": {
    "procrustes_disparity": 0.5156741295300831,
    "direct_mean_distance": 1.7115390251597828,
    "direct_max_distance": 6.658577308721688,
    "scale_ratio": 1.0005307214527666,
    "is_non_congruent": true
  },
  "n_vertices": 6400,
  "n_triangles": 12800,
  "n_flux_edges": 13529,
  "resolution": 80,
  "output_files": [
    "rank227_fold4_paper_4fold_bwd_15__smooth_h4_p019_eps1e-04_f_plus.obj",
    "rank227_fold4_paper_4fold_bwd_15__smooth_h4_p019_eps1e-04_f_minus.obj",
    "rank227_fold4_paper_4fold_bwd_15__smooth_h4_p019_eps1e-04_flux.obj",
    "rank227_fold4_paper_4fold_bwd_15__smooth_h4_p019_eps1e-04_material.mtl",
    "rank227_fold4_paper_4fold_bwd_15__smooth_h4_p019_eps1e-04_metadata.json"
  ],
  "time_seconds": 911.37
}