{
  "name": "rank124_fold3_paper_3fold_bwd_10__phase_h7_p041_eps5e-04",
  "rank": 124,
  "kind": "bonnet_atlas_theorem9",
  "seed_label": "paper_3fold_bwd_10",
  "forcing_label": "phase_h7_p041",
  "forcing_family": "phase_shifted",
  "symmetry_fold": 3,
  "tau_imag": 0.29430578925,
  "delta": 2.0764338093141723,
  "s1": -3.601381552,
  "s2": 1.103216823797698,
  "epsilon": 0.0005,
  "epsilon_bonnet": 0.3,
  "alpha": [
    0.021153799374470126,
    -0.03830081715297224,
    0.17144537220906061
  ],
  "residual_norm": 1.6062389221496763e-08,
  "ratio": 1.0000000047829283,
  "verified_ratio": 0.9999299589675341,
  "validation_score": 7.642491948625795e-08,
  "b_scalar": 1.2555920452655966e-08,
  "c_scalar": 1.9857613817175768e-11,
  "closure": {
    "rotation_angle": 2.0942484087978324,
    "k_fold": 3,
    "k_theta_over_2pi": 0.9999299589675341,
    "rationality_error": 7.0041032465884e-05,
    "is_rational": true,
    "axis_direction": [
      0.004282487789290991,
      0.9221887709267554,
      0.38671634446314096
    ],
    "B_tilde_end": [
      1.5384782735444043,
      0.33451962093125065,
      -0.8140816246614863
    ],
    "axial_projection": 0.0002600825143128649,
    "axial_projection_abs": 0.0002600825143128649,
    "axial_B_norm": 1.772441160255438,
    "paper_axial_scalar": null,
    "paper_axial_scalar_abs": null,
    "f_plus_closure_max": 7.662384257117189,
    "f_plus_closure_mean": 3.0805845637167635,
    "f_minus_closure_max": 7.693202643858951,
    "f_minus_closure_mean": 3.083375186994014,
    "euler_plus": {
      "vertices": 6400,
      "edges": 12800,
      "faces": 6400,
      "euler_characteristic": 0,
      "expected": 0,
      "ok": true
    },
    "euler_minus": {
      "vertices": 6400,
      "edges": 12800,
      "faces": 6400,
      "euler_characteristic": 0,
      "expected": 0,
      "ok": true
    },
    "all_ok": true
  },
  "isometry": {
    "E_max_abs_err": 3.694822225952521e-13,
    "F_max_abs_err": 852.2467712910247,
    "G_max_abs_err": 1328.0160668596718,
    "E_max_rel_err": 2.5558711248109915e-14,
    "F_max_scaled_err": 1.9064839216234875,
    "G_max_rel_err": 2.7239614214986783,
    "metric_max_err": 1328.0160668596718,
    "interior_E_max_abs_err": 1.4210854715202004e-13,
    "interior_F_max_abs_err": 13.084497132887858,
    "interior_G_max_abs_err": 6.497609365183237,
    "interior_E_max_rel_err": 2.0747277034506203e-14,
    "interior_F_max_scaled_err": 1.9064839216234875,
    "interior_G_max_rel_err": 2.7239614214986783,
    "interior_metric_max_err": 13.084497132887858,
    "interior_metric_mean_err": 1.4271977352451781,
    "trim_margin": 8
  },
  "mean_curvature": {
    "H_plus_mean": 0.7782915612150292,
    "H_minus_mean": 0.7606652483085412,
    "max_abs_diff": 16.235697895422405,
    "mean_abs_diff": 0.45118818420789725,
    "interior_max_diff": 13.888772597371398,
    "interior_mean_diff": 0.44786392928215213,
    "trim_margin": 8
  },
  "non_congruence": {
    "procrustes_disparity": 0.518249759934466,
    "direct_mean_distance": 1.9273790081553341,
    "direct_max_distance": 8.251232945350843,
    "scale_ratio": 1.0004672626094313,
    "is_non_congruent": true
  },
  "n_vertices": 6400,
  "n_triangles": 12800,
  "n_flux_edges": 13529,
  "resolution": 80,
  "output_files": [
    "rank124_fold3_paper_3fold_bwd_10__phase_h7_p041_eps5e-04_f_plus.obj",
    "rank124_fold3_paper_3fold_bwd_10__phase_h7_p041_eps5e-04_f_minus.obj",
    "rank124_fold3_paper_3fold_bwd_10__phase_h7_p041_eps5e-04_flux.obj",
    "rank124_fold3_paper_3fold_bwd_10__phase_h7_p041_eps5e-04_material.mtl",
    "rank124_fold3_paper_3fold_bwd_10__phase_h7_p041_eps5e-04_metadata.json"
  ],
  "time_seconds": 445.05
}