{
  "name": "rank098_fold3_paper_3fold_bwd_4__hh_h14_p011_eps1e-04",
  "rank": 98,
  "kind": "bonnet_atlas_theorem9",
  "seed_label": "paper_3fold_bwd_4",
  "forcing_label": "hh_h14_p011",
  "forcing_family": "high_harmonic",
  "symmetry_fold": 3,
  "tau_imag": 0.31230578925,
  "delta": 1.941451791341306,
  "s1": -3.601381552,
  "s2": 0.7818292803582986,
  "epsilon": 0.0001,
  "epsilon_bonnet": 0.3,
  "alpha": [
    0.017266759182409556,
    -0.05171933949070914,
    0.17349171315708412
  ],
  "residual_norm": 5.9031076271610966e-05,
  "ratio": 0.9999774891857243,
  "verified_ratio": 0.9999534705058659,
  "validation_score": 2.7503240288086422e-08,
  "b_scalar": -3.535395864312854e-05,
  "c_scalar": -3.4596572526688837e-06,
  "closure": {
    "rotation_angle": 2.094297651248564,
    "k_fold": 3,
    "k_theta_over_2pi": 0.9999534705058659,
    "rationality_error": 4.652949413408436e-05,
    "is_rational": true,
    "axis_direction": [
      0.003990964235438892,
      0.9916090244784035,
      0.12921151178382104
    ],
    "B_tilde_end": [
      2.1880729524957903,
      0.15393789601385843,
      -1.2447181790615502
    ],
    "axial_projection": 0.0005468101331541908,
    "axial_projection_abs": 0.0005468101331541908,
    "axial_B_norm": 2.522039545003036,
    "paper_axial_scalar": null,
    "paper_axial_scalar_abs": null,
    "f_plus_closure_max": 8.793161981403498,
    "f_plus_closure_mean": 3.999390214254259,
    "f_minus_closure_max": 8.824543654391016,
    "f_minus_closure_mean": 4.001434318028993,
    "euler_plus": {
      "vertices": 6400,
      "edges": 12800,
      "faces": 6400,
      "euler_characteristic": 0,
      "expected": 0,
      "ok": true
    },
    "euler_minus": {
      "vertices": 6400,
      "edges": 12800,
      "faces": 6400,
      "euler_characteristic": 0,
      "expected": 0,
      "ok": true
    },
    "all_ok": true
  },
  "isometry": {
    "E_max_abs_err": 3.979039320256561e-13,
    "F_max_abs_err": 1554.2241606531602,
    "G_max_abs_err": 2467.8791279572542,
    "E_max_rel_err": 3.612535539736274e-14,
    "F_max_scaled_err": 1.6540993871300105,
    "G_max_rel_err": 1.9592056503846245,
    "metric_max_err": 2467.8791279572542,
    "interior_E_max_abs_err": 1.2789769243681803e-13,
    "interior_F_max_abs_err": 7.625880744775496,
    "interior_G_max_abs_err": 4.693995598769952,
    "interior_E_max_rel_err": 1.550847646394021e-14,
    "interior_F_max_scaled_err": 1.6540993871300105,
    "interior_G_max_rel_err": 1.9592056503846245,
    "interior_metric_max_err": 7.625880744775496,
    "interior_metric_mean_err": 1.4493732222778863,
    "trim_margin": 8
  },
  "mean_curvature": {
    "H_plus_mean": 0.6212138054618968,
    "H_minus_mean": 0.6117273232550093,
    "max_abs_diff": 20.871606776745462,
    "mean_abs_diff": 0.30347102388300884,
    "interior_max_diff": 3.5182463240347044,
    "interior_mean_diff": 0.23521109556300404,
    "trim_margin": 8
  },
  "non_congruence": {
    "procrustes_disparity": 0.4616184738662299,
    "direct_mean_distance": 2.296737508187878,
    "direct_max_distance": 9.975226796873976,
    "scale_ratio": 1.0004602614882208,
    "is_non_congruent": true
  },
  "n_vertices": 6400,
  "n_triangles": 12800,
  "n_flux_edges": 13529,
  "resolution": 80,
  "output_files": [
    "rank098_fold3_paper_3fold_bwd_4__hh_h14_p011_eps1e-04_f_plus.obj",
    "rank098_fold3_paper_3fold_bwd_4__hh_h14_p011_eps1e-04_f_minus.obj",
    "rank098_fold3_paper_3fold_bwd_4__hh_h14_p011_eps1e-04_flux.obj",
    "rank098_fold3_paper_3fold_bwd_4__hh_h14_p011_eps1e-04_material.mtl",
    "rank098_fold3_paper_3fold_bwd_4__hh_h14_p011_eps1e-04_metadata.json"
  ],
  "time_seconds": 574.57
}