{
  "name": "rank131_fold3_paper_3fold_bwd_2__smooth_h4_p019_eps1e-03",
  "rank": 131,
  "kind": "bonnet_atlas_theorem9",
  "seed_label": "paper_3fold_bwd_2",
  "forcing_label": "smooth_h4_p019",
  "forcing_family": "smooth_low_freq",
  "symmetry_fold": 3,
  "tau_imag": 0.3167003205,
  "delta": 1.9159264162385599,
  "s1": -3.601381552,
  "s2": 0.6868305992725016,
  "epsilon": 0.001,
  "epsilon_bonnet": 0.3,
  "alpha": [
    0.008460234273497581,
    -0.08682233569292822,
    0.20020521112393616
  ],
  "residual_norm": 1.9136255325386518e-08,
  "ratio": 1.0000000009534744,
  "verified_ratio": 0.9999968805240141,
  "validation_score": 2.0444154100585996e-07,
  "b_scalar": 1.903202735686893e-08,
  "c_scalar": -2.3678975447083417e-16,
  "closure": {
    "rotation_angle": 2.0943885689779687,
    "k_fold": 3,
    "k_theta_over_2pi": 0.9999968805240141,
    "rationality_error": 3.1194759858577115e-06,
    "is_rational": true,
    "axis_direction": [
      0.00019226973535887312,
      0.9984578968930347,
      0.05551388262666579
    ],
    "B_tilde_end": [
      2.410629224594702,
      0.07636071166930723,
      -1.3771808444831977
    ],
    "axial_projection": 0.0002537908653203885,
    "axial_projection_abs": 0.0002537908653203885,
    "axial_B_norm": 2.7773352867754646,
    "paper_axial_scalar": null,
    "paper_axial_scalar_abs": null,
    "f_plus_closure_max": 9.42634000549257,
    "f_plus_closure_mean": 4.457506197781379,
    "f_minus_closure_max": 9.416753698879498,
    "f_minus_closure_mean": 4.45217780504616,
    "euler_plus": {
      "vertices": 6400,
      "edges": 12800,
      "faces": 6400,
      "euler_characteristic": 0,
      "expected": 0,
      "ok": true
    },
    "euler_minus": {
      "vertices": 6400,
      "edges": 12800,
      "faces": 6400,
      "euler_characteristic": 0,
      "expected": 0,
      "ok": true
    },
    "all_ok": true
  },
  "isometry": {
    "E_max_abs_err": 4.547473508864641e-13,
    "F_max_abs_err": 2228.314304004325,
    "G_max_abs_err": 3228.9550216348753,
    "E_max_rel_err": 3.3202719936933684e-14,
    "F_max_scaled_err": 1.5526110669884694,
    "G_max_rel_err": 2.1143673074782687,
    "metric_max_err": 3228.9550216348753,
    "interior_E_max_abs_err": 1.4210854715202004e-13,
    "interior_F_max_abs_err": 5.923293341673031,
    "interior_G_max_abs_err": 5.826950637822257,
    "interior_E_max_rel_err": 1.6923947749642605e-14,
    "interior_F_max_scaled_err": 1.5526110669884694,
    "interior_G_max_rel_err": 2.1143673074782687,
    "interior_metric_max_err": 5.923293341673031,
    "interior_metric_mean_err": 1.4926266771404304,
    "trim_margin": 8
  },
  "mean_curvature": {
    "H_plus_mean": 0.5916216545638076,
    "H_minus_mean": 0.5812415951927556,
    "max_abs_diff": 24.118189924656093,
    "mean_abs_diff": 0.29557332083540877,
    "interior_max_diff": 3.5033728199848704,
    "interior_mean_diff": 0.20432362746568128,
    "trim_margin": 8
  },
  "non_congruence": {
    "procrustes_disparity": 0.4082968023705028,
    "direct_mean_distance": 2.429574560575616,
    "direct_max_distance": 11.156627757437482,
    "scale_ratio": 1.0004969412803761,
    "is_non_congruent": true
  },
  "n_vertices": 6400,
  "n_triangles": 12800,
  "n_flux_edges": 13529,
  "resolution": 80,
  "output_files": [
    "rank131_fold3_paper_3fold_bwd_2__smooth_h4_p019_eps1e-03_f_plus.obj",
    "rank131_fold3_paper_3fold_bwd_2__smooth_h4_p019_eps1e-03_f_minus.obj",
    "rank131_fold3_paper_3fold_bwd_2__smooth_h4_p019_eps1e-03_flux.obj",
    "rank131_fold3_paper_3fold_bwd_2__smooth_h4_p019_eps1e-03_material.mtl",
    "rank131_fold3_paper_3fold_bwd_2__smooth_h4_p019_eps1e-03_metadata.json"
  ],
  "time_seconds": 304.6
}