{
  "k": 100,
  "palette": "Amber",
  "tau_imag": 0.3205128205,
  "s1": -8.5,
  "delta": 0.702122,
  "s2": 7.09018,
  "theta_deg": 3.6,
  "epsilon": 0.3,
  "resolution": 120,
  "n_vertices": 14400,
  "n_triangles": 28800,
  "n_flux_edges": 30400,
  "time_seconds": 135.6,
  "omega": 0.38901804758715763,
  "asymptotic_formula": "delta(k) = 7.0814165/sqrt(k) * (1 - 0.85766/k + 0.75/k^2)",
  "asymptotic_prediction": 0.702121,
  "actual_delta": 0.702122,
  "bbox_plus": {
    "min": [
      -3.425699928834046,
      -2.856098857920542,
      -7.1792448174833
    ],
    "max": [
      1.6560320917165523,
      4.3141751447297905,
      0.10402958344753768
    ]
  },
  "bbox_minus": {
    "min": [
      -1.6413976727708586,
      -2.8507996897798433,
      -6.943579187904591
    ],
    "max": [
      3.8175104003385387,
      4.319637855766684,
      0.07533029378802794
    ]
  },
  "color_scheme": {
    "name": "Amber",
    "hue_range": [
      0.06,
      0.14
    ],
    "mtl_kd_plus": [
      0.95,
      0.68,
      0.12
    ],
    "mtl_kd_minus": [
      0.78,
      0.52,
      0.08
    ]
  },
  "files": [
    "k100_f_plus.obj",
    "k100_f_minus.obj",
    "k100_material.mtl",
    "k100_flux.obj"
  ]
}