{
  "name": "rank010_fold4_paper_4fold_bwd_15__smooth_h4_p019_eps5e-04",
  "rank": 10,
  "kind": "bonnet_atlas_theorem9",
  "seed_label": "paper_4fold_bwd_15",
  "forcing_label": "smooth_h4_p019",
  "forcing_family": "smooth_low_freq",
  "symmetry_fold": 4,
  "tau_imag": 0.27930578925,
  "delta": 1.8503682418819172,
  "s1": -3.13060628,
  "s2": 1.5485459929999899,
  "epsilon": 0.0005,
  "epsilon_bonnet": 0.3,
  "alpha": [
    -0.010057233674293724,
    -0.07262565501416257,
    0.1263994474265209
  ],
  "residual_norm": 1.5943826224418962e-09,
  "ratio": 1.0000000006649052,
  "verified_ratio": 0.9999878716482846,
  "validation_score": 2.035407164764759e-10,
  "b_scalar": -1.203685002365562e-09,
  "c_scalar": -4.370360540476015e-11,
  "closure": {
    "rotation_angle": 1.570777275624572,
    "k_fold": 4,
    "k_theta_over_2pi": 0.9999878716482846,
    "rationality_error": 1.2128351715379182e-05,
    "is_rational": true,
    "axis_direction": [
      -0.005067955582840465,
      0.8591684185905826,
      0.5116678066116414
    ],
    "B_tilde_end": [
      0.7935784424452803,
      0.40946378652690396,
      -0.6797970693534989
    ],
    "axial_projection": -5.374177450706563e-05,
    "axial_projection_abs": 5.374177450706563e-05,
    "axial_B_norm": 1.1222973724875385,
    "paper_axial_scalar": null,
    "paper_axial_scalar_abs": null,
    "f_plus_closure_max": 4.817205846419736,
    "f_plus_closure_mean": 2.1298982781807028,
    "f_minus_closure_max": 4.795366430615184,
    "f_minus_closure_mean": 2.1247590709451267,
    "euler_plus": {
      "vertices": 6400,
      "edges": 12800,
      "faces": 6400,
      "euler_characteristic": 0,
      "expected": 0,
      "ok": true
    },
    "euler_minus": {
      "vertices": 6400,
      "edges": 12800,
      "faces": 6400,
      "euler_characteristic": 0,
      "expected": 0,
      "ok": true
    },
    "all_ok": true
  },
  "isometry": {
    "E_max_abs_err": 1.9895196601282805e-13,
    "F_max_abs_err": 562.112079220253,
    "G_max_abs_err": 493.89620719882214,
    "E_max_rel_err": 2.852040292325726e-14,
    "F_max_scaled_err": 1.8290141187640296,
    "G_max_rel_err": 3.4741940679610095,
    "metric_max_err": 562.112079220253,
    "interior_E_max_abs_err": 1.6342482922482304e-13,
    "interior_F_max_abs_err": 6.883165262069747,
    "interior_G_max_abs_err": 8.761037954803271,
    "interior_E_max_rel_err": 2.852040292325726e-14,
    "interior_F_max_scaled_err": 1.8290141187640296,
    "interior_G_max_rel_err": 3.4741940679610095,
    "interior_metric_max_err": 8.761037954803271,
    "interior_metric_mean_err": 1.2421707060782605,
    "trim_margin": 8
  },
  "mean_curvature": {
    "H_plus_mean": 0.9315200097215289,
    "H_minus_mean": 0.9132570731673951,
    "max_abs_diff": 141.25653042836117,
    "mean_abs_diff": 0.5917554654891888,
    "interior_max_diff": 13.168620843069837,
    "interior_mean_diff": 0.5698683274322158,
    "trim_margin": 8
  },
  "non_congruence": {
    "procrustes_disparity": 0.5164715858672438,
    "direct_mean_distance": 1.7113431979194933,
    "direct_max_distance": 6.62272479696611,
    "scale_ratio": 1.0005517580401455,
    "is_non_congruent": true
  },
  "n_vertices": 6400,
  "n_triangles": 12800,
  "n_flux_edges": 13529,
  "resolution": 80,
  "output_files": [
    "rank010_fold4_paper_4fold_bwd_15__smooth_h4_p019_eps5e-04_f_plus.obj",
    "rank010_fold4_paper_4fold_bwd_15__smooth_h4_p019_eps5e-04_f_minus.obj",
    "rank010_fold4_paper_4fold_bwd_15__smooth_h4_p019_eps5e-04_flux.obj",
    "rank010_fold4_paper_4fold_bwd_15__smooth_h4_p019_eps5e-04_material.mtl",
    "rank010_fold4_paper_4fold_bwd_15__smooth_h4_p019_eps5e-04_metadata.json"
  ],
  "time_seconds": 510.7
}