{
  "name": "rank132_fold3_paper_3fold_fwd_1__smooth_h4_p019_eps1e-03",
  "rank": 132,
  "kind": "bonnet_atlas_theorem9",
  "seed_label": "paper_3fold_fwd_1",
  "forcing_label": "smooth_h4_p019",
  "forcing_family": "smooth_low_freq",
  "symmetry_fold": 3,
  "tau_imag": 0.3227628205,
  "delta": 1.8886448310012716,
  "s1": -3.601381552,
  "s2": 0.5387878045264908,
  "epsilon": 0.001,
  "epsilon_bonnet": 0.3,
  "alpha": [
    0.03708261094010556,
    -0.48583963906676136,
    -0.6057071849021597
  ],
  "residual_norm": 1.3566779957504786e-05,
  "ratio": 1.0000048378549486,
  "verified_ratio": 1.000010638309526,
  "validation_score": 2.0590619441714285e-07,
  "b_scalar": -8.210674167532378e-06,
  "c_scalar": -3.7386091238681904e-06,
  "closure": {
    "rotation_angle": 2.0944173832165642,
    "k_fold": 3,
    "k_theta_over_2pi": 1.000010638309526,
    "rationality_error": 1.063830952596767e-05,
    "is_rational": true,
    "axis_direction": [
      -0.08053176019974627,
      0.9939351902705442,
      -0.07488306311167925
    ],
    "B_tilde_end": [
      2.6991551616710248,
      0.10136256696174777,
      -1.5640728780275355
    ],
    "axial_projection": 0.0005026740944389513,
    "axial_projection_abs": 0.0005026740944389513,
    "axial_B_norm": 3.1212236261661466,
    "paper_axial_scalar": null,
    "paper_axial_scalar_abs": null,
    "f_plus_closure_max": 13.402419212841066,
    "f_plus_closure_mean": 5.521713253158302,
    "f_minus_closure_max": 12.0457280215277,
    "f_minus_closure_mean": 5.385839406442651,
    "euler_plus": {
      "vertices": 6400,
      "edges": 12800,
      "faces": 6400,
      "euler_characteristic": 0,
      "expected": 0,
      "ok": true
    },
    "euler_minus": {
      "vertices": 6400,
      "edges": 12800,
      "faces": 6400,
      "euler_characteristic": 0,
      "expected": 0,
      "ok": true
    },
    "all_ok": true
  },
  "isometry": {
    "E_max_abs_err": 1.1368683772161603e-12,
    "F_max_abs_err": 4360.582488635191,
    "G_max_abs_err": 13764.166570548277,
    "E_max_rel_err": 8.336881326743126e-14,
    "F_max_scaled_err": 1.6333363850035705,
    "G_max_rel_err": 3.151254351032385,
    "metric_max_err": 13764.166570548277,
    "interior_E_max_abs_err": 2.1316282072803006e-13,
    "interior_F_max_abs_err": 16.016020605331214,
    "interior_G_max_abs_err": 3.3223567744466322,
    "interior_E_max_rel_err": 2.3005899401283462e-14,
    "interior_F_max_scaled_err": 1.6333363850035705,
    "interior_G_max_rel_err": 3.151254351032385,
    "interior_metric_max_err": 16.016020605331214,
    "interior_metric_mean_err": 1.41863439257929,
    "trim_margin": 8
  },
  "mean_curvature": {
    "H_plus_mean": 0.8301577212034271,
    "H_minus_mean": 0.7914199650380266,
    "max_abs_diff": 426.8520660747786,
    "mean_abs_diff": 0.4466171672012031,
    "interior_max_diff": 20.641320549334512,
    "interior_mean_diff": 0.29963639047996515,
    "trim_margin": 8
  },
  "non_congruence": {
    "procrustes_disparity": 0.35882431538223003,
    "direct_mean_distance": 2.6232926560172896,
    "direct_max_distance": 14.231402243700664,
    "scale_ratio": 0.998730716709226,
    "is_non_congruent": true
  },
  "n_vertices": 6400,
  "n_triangles": 12800,
  "n_flux_edges": 13529,
  "resolution": 80,
  "output_files": [
    "rank132_fold3_paper_3fold_fwd_1__smooth_h4_p019_eps1e-03_f_plus.obj",
    "rank132_fold3_paper_3fold_fwd_1__smooth_h4_p019_eps1e-03_f_minus.obj",
    "rank132_fold3_paper_3fold_fwd_1__smooth_h4_p019_eps1e-03_flux.obj",
    "rank132_fold3_paper_3fold_fwd_1__smooth_h4_p019_eps1e-03_material.mtl",
    "rank132_fold3_paper_3fold_fwd_1__smooth_h4_p019_eps1e-03_metadata.json"
  ],
  "time_seconds": 342.16
}