{
  "name": "rank153_fold4_paper_4fold_bwd_7__smooth_h4_p019_eps5e-04",
  "rank": 153,
  "kind": "bonnet_atlas_theorem9",
  "seed_label": "paper_4fold_bwd_7",
  "forcing_label": "smooth_h4_p019",
  "forcing_family": "smooth_low_freq",
  "symmetry_fold": 4,
  "tau_imag": 0.30330578925,
  "delta": 1.685208525101257,
  "s1": -3.13060628,
  "s2": 1.0486350412695395,
  "epsilon": 0.0005,
  "epsilon_bonnet": 0.3,
  "alpha": [
    -0.008963293556410264,
    -0.07164545044762675,
    0.08684589688206674
  ],
  "residual_norm": 8.60092040602188e-06,
  "ratio": 0.9999987259491131,
  "verified_ratio": 0.9999939675583622,
  "validation_score": 1.896850921529493e-05,
  "b_scalar": -8.364851009405594e-06,
  "c_scalar": 1.1095002737729343e-10,
  "closure": {
    "rotation_angle": 1.5707868510577303,
    "k_fold": 4,
    "k_theta_over_2pi": 0.9999939675583622,
    "rationality_error": 6.032441637771058e-06,
    "is_rational": true,
    "axis_direction": [
      -0.006097461047244592,
      0.9779642397299514,
      0.20868341280081504
    ],
    "B_tilde_end": [
      1.2204361144246734,
      0.2615603647581158,
      -1.1897254141785842
    ],
    "axial_projection": 7.916186915435386e-05,
    "axial_projection_abs": 7.916186915435386e-05,
    "axial_B_norm": 1.7243331160036326,
    "paper_axial_scalar": null,
    "paper_axial_scalar_abs": null,
    "f_plus_closure_max": 5.2990474556564084,
    "f_plus_closure_mean": 2.6596420831494276,
    "f_minus_closure_max": 5.264116292104096,
    "f_minus_closure_mean": 2.6522695690424944,
    "euler_plus": {
      "vertices": 6400,
      "edges": 12800,
      "faces": 6400,
      "euler_characteristic": 0,
      "expected": 0,
      "ok": true
    },
    "euler_minus": {
      "vertices": 6400,
      "edges": 12800,
      "faces": 6400,
      "euler_characteristic": 0,
      "expected": 0,
      "ok": true
    },
    "all_ok": true
  },
  "isometry": {
    "E_max_abs_err": 1.6342482922482304e-13,
    "F_max_abs_err": 888.7316496074992,
    "G_max_abs_err": 873.4293138141766,
    "E_max_rel_err": 1.7683997014523324e-14,
    "F_max_scaled_err": 1.598283687953946,
    "G_max_rel_err": 2.2066707255575,
    "metric_max_err": 888.7316496074992,
    "interior_E_max_abs_err": 8.881784197001252e-14,
    "interior_F_max_abs_err": 6.0750169120523525,
    "interior_G_max_abs_err": 4.77290534074514,
    "interior_E_max_rel_err": 1.7683997014523324e-14,
    "interior_F_max_scaled_err": 1.598283687953946,
    "interior_G_max_rel_err": 2.2066707255575,
    "interior_metric_max_err": 6.0750169120523525,
    "interior_metric_mean_err": 1.2838868907581695,
    "trim_margin": 8
  },
  "mean_curvature": {
    "H_plus_mean": 0.7417589591944816,
    "H_minus_mean": 0.7339412569335844,
    "max_abs_diff": 123.01233205801833,
    "mean_abs_diff": 0.41841938395966194,
    "interior_max_diff": 4.69572649366126,
    "interior_mean_diff": 0.33383349794933015,
    "trim_margin": 8
  },
  "non_congruence": {
    "procrustes_disparity": 0.510909779597248,
    "direct_mean_distance": 2.018483536450787,
    "direct_max_distance": 7.665411207034797,
    "scale_ratio": 1.0003559462848737,
    "is_non_congruent": true
  },
  "n_vertices": 6400,
  "n_triangles": 12800,
  "n_flux_edges": 13529,
  "resolution": 80,
  "output_files": [
    "rank153_fold4_paper_4fold_bwd_7__smooth_h4_p019_eps5e-04_f_plus.obj",
    "rank153_fold4_paper_4fold_bwd_7__smooth_h4_p019_eps5e-04_f_minus.obj",
    "rank153_fold4_paper_4fold_bwd_7__smooth_h4_p019_eps5e-04_flux.obj",
    "rank153_fold4_paper_4fold_bwd_7__smooth_h4_p019_eps5e-04_material.mtl",
    "rank153_fold4_paper_4fold_bwd_7__smooth_h4_p019_eps5e-04_metadata.json"
  ],
  "time_seconds": 319.1
}