{
  "name": "rank180_fold4_paper_4fold_bwd_3__anti_h9_p033_eps5e-04",
  "rank": 180,
  "kind": "bonnet_atlas_theorem9",
  "seed_label": "paper_4fold_bwd_3",
  "forcing_label": "anti_h9_p033",
  "forcing_family": "anti_reflection",
  "symmetry_fold": 4,
  "tau_imag": 0.3147471955,
  "delta": 1.6272780765320078,
  "s1": -3.13060628,
  "s2": 0.7506854736846515,
  "epsilon": 0.0005,
  "epsilon_bonnet": 0.3,
  "alpha": [
    6.964527211415043e-05,
    -0.0751264028480114,
    0.12508392380056751
  ],
  "residual_norm": 2.419569730218549e-05,
  "ratio": 0.9999991718656143,
  "verified_ratio": 0.9999978451003917,
  "validation_score": 7.204033791781541e-05,
  "b_scalar": -2.416070261329617e-05,
  "c_scalar": 9.03102272869008e-09,
  "closure": {
    "rotation_angle": 1.5707929418865072,
    "k_fold": 4,
    "k_theta_over_2pi": 0.9999978451003917,
    "rationality_error": 2.1548996083087246e-06,
    "is_rational": true,
    "axis_direction": [
      -0.0041361964248012775,
      0.9995436093981439,
      0.029924317710954856
    ],
    "B_tilde_end": [
      1.5646216409571394,
      0.05325326285722182,
      -1.5567917532052418
    ],
    "axial_projection": 0.00017144509833390276,
    "axial_projection_abs": 0.00017144509833390276,
    "axial_B_norm": 2.207821856990324,
    "paper_axial_scalar": null,
    "paper_axial_scalar_abs": null,
    "f_plus_closure_max": 6.903057865594564,
    "f_plus_closure_mean": 3.377613192147769,
    "f_minus_closure_max": 6.860706242990988,
    "f_minus_closure_mean": 3.37044116175664,
    "euler_plus": {
      "vertices": 6400,
      "edges": 12800,
      "faces": 6400,
      "euler_characteristic": 0,
      "expected": 0,
      "ok": true
    },
    "euler_minus": {
      "vertices": 6400,
      "edges": 12800,
      "faces": 6400,
      "euler_characteristic": 0,
      "expected": 0,
      "ok": true
    },
    "all_ok": true
  },
  "isometry": {
    "E_max_abs_err": 4.547473508864641e-13,
    "F_max_abs_err": 1852.4330210511748,
    "G_max_abs_err": 1805.1824730726703,
    "E_max_rel_err": 2.9376771044578906e-14,
    "F_max_scaled_err": 1.4810792278552178,
    "G_max_rel_err": 1.1503015046440899,
    "metric_max_err": 1852.4330210511748,
    "interior_E_max_abs_err": 9.592326932761353e-14,
    "interior_F_max_abs_err": 5.627670283804042,
    "interior_G_max_abs_err": 2.5822397946710254,
    "interior_E_max_rel_err": 1.6066508968753152e-14,
    "interior_F_max_scaled_err": 1.2146191708794827,
    "interior_G_max_rel_err": 1.1503015046440899,
    "interior_metric_max_err": 5.627670283804042,
    "interior_metric_mean_err": 1.214624552896188,
    "trim_margin": 8
  },
  "mean_curvature": {
    "H_plus_mean": 0.6392622514364813,
    "H_minus_mean": 0.6331329553401404,
    "max_abs_diff": 96.93638425895587,
    "mean_abs_diff": 0.32965248664821045,
    "interior_max_diff": 1.976976255981685,
    "interior_mean_diff": 0.18693162936762214,
    "trim_margin": 8
  },
  "non_congruence": {
    "procrustes_disparity": 0.45404744574513356,
    "direct_mean_distance": 2.27175140840106,
    "direct_max_distance": 9.922814404181134,
    "scale_ratio": 1.000346658202671,
    "is_non_congruent": true
  },
  "n_vertices": 6400,
  "n_triangles": 12800,
  "n_flux_edges": 13529,
  "resolution": 80,
  "output_files": [
    "rank180_fold4_paper_4fold_bwd_3__anti_h9_p033_eps5e-04_f_plus.obj",
    "rank180_fold4_paper_4fold_bwd_3__anti_h9_p033_eps5e-04_f_minus.obj",
    "rank180_fold4_paper_4fold_bwd_3__anti_h9_p033_eps5e-04_flux.obj",
    "rank180_fold4_paper_4fold_bwd_3__anti_h9_p033_eps5e-04_material.mtl",
    "rank180_fold4_paper_4fold_bwd_3__anti_h9_p033_eps5e-04_metadata.json"
  ],
  "time_seconds": 511.74
}