{
  "name": "rank075_fold3_paper_3fold_fwd_2__smooth_h4_p019_eps1e-04",
  "rank": 75,
  "kind": "bonnet_atlas_theorem9",
  "seed_label": "paper_3fold_fwd_2",
  "forcing_label": "smooth_h4_p019",
  "forcing_family": "smooth_low_freq",
  "symmetry_fold": 3,
  "tau_imag": 0.3243253205,
  "delta": 1.8839449755035205,
  "s1": -3.601381552,
  "s2": 0.4962780434817861,
  "epsilon": 0.0001,
  "epsilon_bonnet": 0.3,
  "alpha": [
    0.02121789663286598,
    -0.07783678932086734,
    0.27716224678687784
  ],
  "residual_norm": 1.1726718903366325e-08,
  "ratio": 0.9999999989087011,
  "verified_ratio": 1.0000187040483202,
  "validation_score": 5.849775724269516e-09,
  "b_scalar": 1.1502317761452607e-08,
  "c_scalar": -1.0009354456386177e-15,
  "closure": {
    "rotation_angle": 2.094434276060392,
    "k_fold": 3,
    "k_theta_over_2pi": 1.0000187040483202,
    "rationality_error": 1.8704048320161704e-05,
    "is_rational": true,
    "axis_direction": [
      0.013570426867797004,
      0.9974973157302803,
      -0.06938983085086083
    ],
    "B_tilde_end": [
      2.9628710116662718,
      -0.15641739349239922,
      -1.688794744199546
    ],
    "axial_projection": 0.0013666758821668928,
    "axial_projection_abs": 0.0013666758821668928,
    "axial_B_norm": 3.4139564614674396,
    "paper_axial_scalar": null,
    "paper_axial_scalar_abs": null,
    "f_plus_closure_max": 13.394971755810163,
    "f_plus_closure_mean": 5.883577503574844,
    "f_minus_closure_max": 13.563063361327055,
    "f_minus_closure_mean": 5.899043056811733,
    "euler_plus": {
      "vertices": 6400,
      "edges": 12800,
      "faces": 6400,
      "euler_characteristic": 0,
      "expected": 0,
      "ok": true
    },
    "euler_minus": {
      "vertices": 6400,
      "edges": 12800,
      "faces": 6400,
      "euler_characteristic": 0,
      "expected": 0,
      "ok": true
    },
    "all_ok": true
  },
  "isometry": {
    "E_max_abs_err": 1.3642420526593924e-12,
    "F_max_abs_err": 6316.763304600296,
    "G_max_abs_err": 10366.696894388242,
    "E_max_rel_err": 1.0982440018680702e-13,
    "F_max_scaled_err": 1.2957128816167318,
    "G_max_rel_err": 1.2316591128013938,
    "metric_max_err": 10366.696894388242,
    "interior_E_max_abs_err": 1.8474111129762605e-13,
    "interior_F_max_abs_err": 4.4426088705734,
    "interior_G_max_abs_err": 3.6882297684564165,
    "interior_E_max_rel_err": 2.0846032345706338e-14,
    "interior_F_max_scaled_err": 1.1141148107081935,
    "interior_G_max_rel_err": 1.2316591128013938,
    "interior_metric_max_err": 4.4426088705734,
    "interior_metric_mean_err": 1.439581644967067,
    "trim_margin": 8
  },
  "mean_curvature": {
    "H_plus_mean": 0.561849499602523,
    "H_minus_mean": 0.5599385776662859,
    "max_abs_diff": 146.88690677285942,
    "mean_abs_diff": 0.30242346592545916,
    "interior_max_diff": 1.7714138147007488,
    "interior_mean_diff": 0.1085293899407487,
    "trim_margin": 8
  },
  "non_congruence": {
    "procrustes_disparity": 0.3365397740629478,
    "direct_mean_distance": 2.7797766998323046,
    "direct_max_distance": 15.639293051736901,
    "scale_ratio": 1.000551074156378,
    "is_non_congruent": true
  },
  "n_vertices": 6400,
  "n_triangles": 12800,
  "n_flux_edges": 13529,
  "resolution": 80,
  "output_files": [
    "rank075_fold3_paper_3fold_fwd_2__smooth_h4_p019_eps1e-04_f_plus.obj",
    "rank075_fold3_paper_3fold_fwd_2__smooth_h4_p019_eps1e-04_f_minus.obj",
    "rank075_fold3_paper_3fold_fwd_2__smooth_h4_p019_eps1e-04_flux.obj",
    "rank075_fold3_paper_3fold_fwd_2__smooth_h4_p019_eps1e-04_material.mtl",
    "rank075_fold3_paper_3fold_fwd_2__smooth_h4_p019_eps1e-04_metadata.json"
  ],
  "time_seconds": 505.43
}