{
  "name": "rank089_fold3_paper_3fold_bwd_3__hh_h14_p011_eps1e-04",
  "rank": 89,
  "kind": "bonnet_atlas_theorem9",
  "seed_label": "paper_3fold_bwd_3",
  "forcing_label": "hh_h14_p011",
  "forcing_family": "high_harmonic",
  "symmetry_fold": 3,
  "tau_imag": 0.3147471955,
  "delta": 1.92681020733766,
  "s1": -3.601381552,
  "s2": 0.7301106399143842,
  "epsilon": 0.0001,
  "epsilon_bonnet": 0.3,
  "alpha": [
    0.017803511643152883,
    -0.05425379622700609,
    0.18210878983071685
  ],
  "residual_norm": 6.7225015043885215e-09,
  "ratio": 0.9999999999947783,
  "verified_ratio": 0.9999818924131929,
  "validation_score": 1.21999572091286e-08,
  "b_scalar": 6.722489197252823e-09,
  "c_scalar": -3.8163916471489756e-16,
  "closure": {
    "rotation_angle": 2.0943571779520704,
    "k_fold": 3,
    "k_theta_over_2pi": 0.9999818924131929,
    "rationality_error": 1.8107586807092346e-05,
    "is_rational": true,
    "axis_direction": [
      0.004656483206548365,
      0.9959528115135688,
      0.08975697411546811
    ],
    "B_tilde_end": [
      2.3113269189898458,
      0.10873199726523083,
      -1.320117428425391
    ],
    "axial_projection": 0.0005648475083555732,
    "axial_projection_abs": 0.0005648475083555732,
    "axial_B_norm": 2.663975374981692,
    "paper_axial_scalar": null,
    "paper_axial_scalar_abs": null,
    "f_plus_closure_max": 9.45817960293957,
    "f_plus_closure_mean": 4.228898491515916,
    "f_minus_closure_max": 9.49783728756645,
    "f_minus_closure_mean": 4.231629333412728,
    "euler_plus": {
      "vertices": 6400,
      "edges": 12800,
      "faces": 6400,
      "euler_characteristic": 0,
      "expected": 0,
      "ok": true
    },
    "euler_minus": {
      "vertices": 6400,
      "edges": 12800,
      "faces": 6400,
      "euler_characteristic": 0,
      "expected": 0,
      "ok": true
    },
    "all_ok": true
  },
  "isometry": {
    "E_max_abs_err": 3.410605131648481e-13,
    "F_max_abs_err": 1731.4824279333252,
    "G_max_abs_err": 2913.7068755793753,
    "E_max_rel_err": 4.3965056483044013e-14,
    "F_max_scaled_err": 1.5443224756615628,
    "G_max_rel_err": 1.5572164999682556,
    "metric_max_err": 2913.7068755793753,
    "interior_E_max_abs_err": 1.2789769243681803e-13,
    "interior_F_max_abs_err": 10.125097119770203,
    "interior_G_max_abs_err": 3.145475199689791,
    "interior_E_max_rel_err": 1.5153341887664744e-14,
    "interior_F_max_scaled_err": 1.5443224756615628,
    "interior_G_max_rel_err": 1.5572164999682556,
    "interior_metric_max_err": 10.125097119770203,
    "interior_metric_mean_err": 1.4235777935822225,
    "trim_margin": 8
  },
  "mean_curvature": {
    "H_plus_mean": 0.5963271880260896,
    "H_minus_mean": 0.5872146984697878,
    "max_abs_diff": 21.12994769030587,
    "mean_abs_diff": 0.28541749042568937,
    "interior_max_diff": 2.8307844987684287,
    "interior_mean_diff": 0.2024372860420626,
    "trim_margin": 8
  },
  "non_congruence": {
    "procrustes_disparity": 0.45056793174884235,
    "direct_mean_distance": 2.370161832576015,
    "direct_max_distance": 10.568523337270376,
    "scale_ratio": 1.0004675711310336,
    "is_non_congruent": true
  },
  "n_vertices": 6400,
  "n_triangles": 12800,
  "n_flux_edges": 13529,
  "resolution": 80,
  "output_files": [
    "rank089_fold3_paper_3fold_bwd_3__hh_h14_p011_eps1e-04_f_plus.obj",
    "rank089_fold3_paper_3fold_bwd_3__hh_h14_p011_eps1e-04_f_minus.obj",
    "rank089_fold3_paper_3fold_bwd_3__hh_h14_p011_eps1e-04_flux.obj",
    "rank089_fold3_paper_3fold_bwd_3__hh_h14_p011_eps1e-04_material.mtl",
    "rank089_fold3_paper_3fold_bwd_3__hh_h14_p011_eps1e-04_metadata.json"
  ],
  "time_seconds": 475.82
}