{
  "name": "rank154_fold3_paper_3fold_bwd_15__sym_h12_p013_eps5e-04",
  "rank": 154,
  "kind": "bonnet_atlas_theorem9",
  "seed_label": "paper_3fold_bwd_15",
  "forcing_label": "sym_h12_p013",
  "forcing_family": "symmetry_aware",
  "symmetry_fold": 3,
  "tau_imag": 0.27930578925,
  "delta": 2.2285730445846834,
  "s1": -3.601381552,
  "s2": 1.3072031349506361,
  "epsilon": 0.0005,
  "epsilon_bonnet": 0.3,
  "alpha": [
    -0.00737535971741486,
    -0.03376814052569135,
    0.019779206026236288
  ],
  "residual_norm": 8.254593418744562e-09,
  "ratio": 1.00000000345414,
  "verified_ratio": 0.9998847325762652,
  "validation_score": 1.948327107064622e-05,
  "b_scalar": 3.968288791317276e-09,
  "c_scalar": 3.601112463780254e-14,
  "closure": {
    "rotation_angle": 2.0941536868654596,
    "k_fold": 3,
    "k_theta_over_2pi": 0.9998847325762652,
    "rationality_error": 0.00011526742373479948,
    "is_rational": true,
    "axis_direction": [
      -0.0037452844437575795,
      0.8343676415449969,
      0.5511956200724704
    ],
    "B_tilde_end": [
      1.1814704135387208,
      0.3809281163792655,
      -0.5679895046535827
    ],
    "axial_projection": 0.00033582408877264047,
    "axial_projection_abs": 0.00033582408877264047,
    "axial_B_norm": 1.3651339294414426,
    "paper_axial_scalar": null,
    "paper_axial_scalar_abs": null,
    "f_plus_closure_max": 7.907403941284687,
    "f_plus_closure_mean": 2.7976397180390657,
    "f_minus_closure_max": 7.886352846216909,
    "f_minus_closure_mean": 2.7929860230042034,
    "euler_plus": {
      "vertices": 6400,
      "edges": 12800,
      "faces": 6400,
      "euler_characteristic": 0,
      "expected": 0,
      "ok": true
    },
    "euler_minus": {
      "vertices": 6400,
      "edges": 12800,
      "faces": 6400,
      "euler_characteristic": 0,
      "expected": 0,
      "ok": true
    },
    "all_ok": true
  },
  "isometry": {
    "E_max_abs_err": 3.694822225952521e-13,
    "F_max_abs_err": 885.9432521405207,
    "G_max_abs_err": 1234.0123553177182,
    "E_max_rel_err": 2.647691911214559e-14,
    "F_max_scaled_err": 2.0447970188656557,
    "G_max_rel_err": 3.567063764068071,
    "metric_max_err": 1234.0123553177182,
    "interior_E_max_abs_err": 2.8421709430404007e-13,
    "interior_F_max_abs_err": 11.105690807074208,
    "interior_G_max_abs_err": 13.115325492169461,
    "interior_E_max_rel_err": 2.647691911214559e-14,
    "interior_F_max_scaled_err": 2.0447970188656557,
    "interior_G_max_rel_err": 3.567063764068071,
    "interior_metric_max_err": 13.115325492169461,
    "interior_metric_mean_err": 1.425004782288029,
    "trim_margin": 8
  },
  "mean_curvature": {
    "H_plus_mean": 1.3755357675769913,
    "H_minus_mean": 1.4131461389486446,
    "max_abs_diff": 3258.3888471323194,
    "mean_abs_diff": 1.6762563464280729,
    "interior_max_diff": 3258.3888471323194,
    "interior_mean_diff": 2.3343596999379836,
    "trim_margin": 8
  },
  "non_congruence": {
    "procrustes_disparity": 0.5104843495920369,
    "direct_mean_distance": 1.7391048902308324,
    "direct_max_distance": 8.206085230789707,
    "scale_ratio": 1.0000259331920054,
    "is_non_congruent": true
  },
  "n_vertices": 6400,
  "n_triangles": 12800,
  "n_flux_edges": 13529,
  "resolution": 80,
  "output_files": [
    "rank154_fold3_paper_3fold_bwd_15__sym_h12_p013_eps5e-04_f_plus.obj",
    "rank154_fold3_paper_3fold_bwd_15__sym_h12_p013_eps5e-04_f_minus.obj",
    "rank154_fold3_paper_3fold_bwd_15__sym_h12_p013_eps5e-04_flux.obj",
    "rank154_fold3_paper_3fold_bwd_15__sym_h12_p013_eps5e-04_material.mtl",
    "rank154_fold3_paper_3fold_bwd_15__sym_h12_p013_eps5e-04_metadata.json"
  ],
  "time_seconds": 442.21
}