{
  "name": "rank219_fold3_paper_3fold_bwd_12__smooth_h4_p019_eps8e-04",
  "rank": 219,
  "kind": "bonnet_atlas_theorem9",
  "seed_label": "paper_3fold_bwd_12",
  "forcing_label": "smooth_h4_p019",
  "forcing_family": "smooth_low_freq",
  "symmetry_fold": 3,
  "tau_imag": 0.28830578925,
  "delta": 2.13191675223883,
  "s1": -3.601381552,
  "s2": 1.1915818194730883,
  "epsilon": 0.00075,
  "epsilon_bonnet": 0.3,
  "alpha": [
    0.003410670743071241,
    -0.08778116160231877,
    0.22747315068617502
  ],
  "residual_norm": 7.839112950043096e-05,
  "ratio": 0.9999870337687956,
  "verified_ratio": 0.9999631046259528,
  "validation_score": 0.0006786788161915395,
  "b_scalar": 7.353705214330902e-05,
  "c_scalar": -2.2829127132965865e-08,
  "closure": {
    "rotation_angle": 2.09431782890249,
    "k_fold": 3,
    "k_theta_over_2pi": 0.9999631046259528,
    "rationality_error": 3.6895374047163365e-05,
    "is_rational": true,
    "axis_direction": [
      -0.0018304374420017133,
      0.8883461913104781,
      0.4591706587783441
    ],
    "B_tilde_end": [
      1.3766494941022447,
      0.36373904204726226,
      -0.6987090280839089
    ],
    "axial_projection": -0.0002203628645751632,
    "axial_projection_abs": 0.0002203628645751632,
    "axial_B_norm": 1.5860845583534904,
    "paper_axial_scalar": null,
    "paper_axial_scalar_abs": null,
    "f_plus_closure_max": 7.496364052371017,
    "f_plus_closure_mean": 2.9448943596287274,
    "f_minus_closure_max": 7.476596676132982,
    "f_minus_closure_mean": 2.9394669656423735,
    "euler_plus": {
      "vertices": 6400,
      "edges": 12800,
      "faces": 6400,
      "euler_characteristic": 0,
      "expected": 0,
      "ok": true
    },
    "euler_minus": {
      "vertices": 6400,
      "edges": 12800,
      "faces": 6400,
      "euler_characteristic": 0,
      "expected": 0,
      "ok": true
    },
    "all_ok": true
  },
  "isometry": {
    "E_max_abs_err": 2.2737367544323206e-13,
    "F_max_abs_err": 912.9029483283023,
    "G_max_abs_err": 1183.2202723708897,
    "E_max_rel_err": 2.5550075277393725e-14,
    "F_max_scaled_err": 1.9766429275059627,
    "G_max_rel_err": 4.173821855637151,
    "metric_max_err": 1183.2202723708897,
    "interior_E_max_abs_err": 1.9895196601282805e-13,
    "interior_F_max_abs_err": 14.419588768725053,
    "interior_G_max_abs_err": 14.312279829918594,
    "interior_E_max_rel_err": 2.105076732455637e-14,
    "interior_F_max_scaled_err": 1.9766429275059627,
    "interior_G_max_rel_err": 4.173821855637151,
    "interior_metric_max_err": 14.419588768725053,
    "interior_metric_mean_err": 1.4935759711655892,
    "trim_margin": 8
  },
  "mean_curvature": {
    "H_plus_mean": 0.8844246364306866,
    "H_minus_mean": 0.8473378527330528,
    "max_abs_diff": 78.53324547392015,
    "mean_abs_diff": 0.5969200592418111,
    "interior_max_diff": 78.53324547392015,
    "interior_mean_diff": 0.6562274160370873,
    "trim_margin": 8
  },
  "non_congruence": {
    "procrustes_disparity": 0.511533120340697,
    "direct_mean_distance": 1.841288557764618,
    "direct_max_distance": 8.11067458761185,
    "scale_ratio": 1.000574603738425,
    "is_non_congruent": true
  },
  "n_vertices": 6400,
  "n_triangles": 12800,
  "n_flux_edges": 13529,
  "resolution": 80,
  "output_files": [
    "rank219_fold3_paper_3fold_bwd_12__smooth_h4_p019_eps8e-04_f_plus.obj",
    "rank219_fold3_paper_3fold_bwd_12__smooth_h4_p019_eps8e-04_f_minus.obj",
    "rank219_fold3_paper_3fold_bwd_12__smooth_h4_p019_eps8e-04_flux.obj",
    "rank219_fold3_paper_3fold_bwd_12__smooth_h4_p019_eps8e-04_material.mtl",
    "rank219_fold3_paper_3fold_bwd_12__smooth_h4_p019_eps8e-04_metadata.json"
  ],
  "time_seconds": 468.05
}