{
  "name": "rank043_fold3_paper_3fold_bwd_11__smooth_h4_p019_eps1e-04",
  "rank": 43,
  "kind": "bonnet_atlas_theorem9",
  "seed_label": "paper_3fold_bwd_11",
  "forcing_label": "smooth_h4_p019",
  "forcing_family": "smooth_low_freq",
  "symmetry_fold": 3,
  "tau_imag": 0.29130578925,
  "delta": 2.103419418787167,
  "s1": -3.601381552,
  "s2": 1.148483246646976,
  "epsilon": 0.0001,
  "epsilon_bonnet": 0.3,
  "alpha": [
    -0.005366758572211232,
    -0.04237754305309607,
    0.0408604120283745
  ],
  "residual_norm": 7.349908749120843e-08,
  "ratio": 0.9999999783753821,
  "verified_ratio": 0.9999227146072425,
  "validation_score": 9.160607880871404e-10,
  "b_scalar": -5.578295435640368e-08,
  "c_scalar": 1.546844238375228e-08,
  "closure": {
    "rotation_angle": 2.0942332362451173,
    "k_fold": 3,
    "k_theta_over_2pi": 0.9999227146072425,
    "rationality_error": 7.728539275753121e-05,
    "is_rational": true,
    "axis_direction": [
      -0.0038624541743225434,
      0.906865557138292,
      0.4214023525373422
    ],
    "B_tilde_end": [
      1.4518754780969338,
      0.35875884958181703,
      -0.7579100596057017
    ],
    "axial_projection": 0.00035315937377516926,
    "axial_projection_abs": 0.00035315937377516926,
    "axial_B_norm": 1.6766269634310391,
    "paper_axial_scalar": null,
    "paper_axial_scalar_abs": null,
    "f_plus_closure_max": 7.568009737180109,
    "f_plus_closure_mean": 3.0104332749239004,
    "f_minus_closure_max": 7.536051656949956,
    "f_minus_closure_mean": 3.0049699054428367,
    "euler_plus": {
      "vertices": 6400,
      "edges": 12800,
      "faces": 6400,
      "euler_characteristic": 0,
      "expected": 0,
      "ok": true
    },
    "euler_minus": {
      "vertices": 6400,
      "edges": 12800,
      "faces": 6400,
      "euler_characteristic": 0,
      "expected": 0,
      "ok": true
    },
    "all_ok": true
  },
  "isometry": {
    "E_max_abs_err": 2.5579538487363607e-13,
    "F_max_abs_err": 883.3082962651994,
    "G_max_abs_err": 1295.6686610960405,
    "E_max_rel_err": 2.2856777942421824e-14,
    "F_max_scaled_err": 1.978762096008337,
    "G_max_rel_err": 3.2243924483743682,
    "metric_max_err": 1295.6686610960405,
    "interior_E_max_abs_err": 2.5579538487363607e-13,
    "interior_F_max_abs_err": 9.817672380756544,
    "interior_G_max_abs_err": 10.056716521797526,
    "interior_E_max_rel_err": 2.1855130068435167e-14,
    "interior_F_max_scaled_err": 1.978762096008337,
    "interior_G_max_rel_err": 3.2243924483743682,
    "interior_metric_max_err": 10.056716521797526,
    "interior_metric_mean_err": 1.4445379162682095,
    "trim_margin": 8
  },
  "mean_curvature": {
    "H_plus_mean": 0.820243744441037,
    "H_minus_mean": 0.8129276737146802,
    "max_abs_diff": 63.98916514745847,
    "mean_abs_diff": 0.5445571925623305,
    "interior_max_diff": 63.98916514745847,
    "interior_mean_diff": 0.5869362034610096,
    "trim_margin": 8
  },
  "non_congruence": {
    "procrustes_disparity": 0.518258687247647,
    "direct_mean_distance": 1.8816281306034777,
    "direct_max_distance": 8.143990836504603,
    "scale_ratio": 1.0000955261115048,
    "is_non_congruent": true
  },
  "n_vertices": 6400,
  "n_triangles": 12800,
  "n_flux_edges": 13529,
  "resolution": 80,
  "output_files": [
    "rank043_fold3_paper_3fold_bwd_11__smooth_h4_p019_eps1e-04_f_plus.obj",
    "rank043_fold3_paper_3fold_bwd_11__smooth_h4_p019_eps1e-04_f_minus.obj",
    "rank043_fold3_paper_3fold_bwd_11__smooth_h4_p019_eps1e-04_flux.obj",
    "rank043_fold3_paper_3fold_bwd_11__smooth_h4_p019_eps1e-04_material.mtl",
    "rank043_fold3_paper_3fold_bwd_11__smooth_h4_p019_eps1e-04_metadata.json"
  ],
  "time_seconds": 538.87
}