{
  "name": "rank051_fold3_paper_3fold_bwd_7__sym_h12_p013_eps1e-04",
  "rank": 51,
  "kind": "bonnet_atlas_theorem9",
  "seed_label": "paper_3fold_bwd_7",
  "forcing_label": "sym_h12_p013",
  "forcing_family": "symmetry_aware",
  "symmetry_fold": 3,
  "tau_imag": 0.30330578925,
  "delta": 2.0033827164897864,
  "s1": -3.601381552,
  "s2": 0.9540523754072844,
  "epsilon": 0.0001,
  "epsilon_bonnet": 0.3,
  "alpha": [
    0.017734111165711743,
    -0.0444393973733824,
    0.1629576460500041
  ],
  "residual_norm": 1.580351743966505e-05,
  "ratio": 0.9999968773053719,
  "verified_ratio": 0.9999512010849301,
  "validation_score": 1.3440976944129074e-09,
  "b_scalar": 1.438671381018275e-05,
  "c_scalar": -8.87638204345037e-09,
  "closure": {
    "rotation_angle": 2.0942928981844706,
    "k_fold": 3,
    "k_theta_over_2pi": 0.9999512010849301,
    "rationality_error": 4.8798915069925286e-05,
    "is_rational": true,
    "axis_direction": [
      0.003395357631004798,
      0.964011750627802,
      0.26583795101166097
    ],
    "B_tilde_end": [
      1.818719301078086,
      0.27143376483417314,
      -1.0062460355862433
    ],
    "axial_projection": 0.0003421569610037589,
    "axial_projection_abs": 0.0003421569610037589,
    "axial_B_norm": 2.0961744366676753,
    "paper_axial_scalar": null,
    "paper_axial_scalar_abs": null,
    "f_plus_closure_max": 7.8902266868188065,
    "f_plus_closure_mean": 3.419443188538421,
    "f_minus_closure_max": 7.915225912356672,
    "f_minus_closure_mean": 3.4211294958908467,
    "euler_plus": {
      "vertices": 6400,
      "edges": 12800,
      "faces": 6400,
      "euler_characteristic": 0,
      "expected": 0,
      "ok": true
    },
    "euler_minus": {
      "vertices": 6400,
      "edges": 12800,
      "faces": 6400,
      "euler_characteristic": 0,
      "expected": 0,
      "ok": true
    },
    "all_ok": true
  },
  "isometry": {
    "E_max_abs_err": 1.9895196601282805e-13,
    "F_max_abs_err": 1055.4068797691161,
    "G_max_abs_err": 1613.3009859448857,
    "E_max_rel_err": 2.693046024057246e-14,
    "F_max_scaled_err": 1.831977826858322,
    "G_max_rel_err": 2.473924164598396,
    "metric_max_err": 1613.3009859448857,
    "interior_E_max_abs_err": 1.9895196601282805e-13,
    "interior_F_max_abs_err": 9.100745002847654,
    "interior_G_max_abs_err": 6.146128332125386,
    "interior_E_max_rel_err": 1.4271664471963636e-14,
    "interior_F_max_scaled_err": 1.831977826858322,
    "interior_G_max_rel_err": 2.473924164598396,
    "interior_metric_max_err": 9.100745002847654,
    "interior_metric_mean_err": 1.4485470747124947,
    "trim_margin": 8
  },
  "mean_curvature": {
    "H_plus_mean": 0.7019479077121062,
    "H_minus_mean": 0.6896683376008838,
    "max_abs_diff": 18.06537694985197,
    "mean_abs_diff": 0.37425428407176414,
    "interior_max_diff": 6.105769351849007,
    "interior_mean_diff": 0.3407304510517706,
    "trim_margin": 8
  },
  "non_congruence": {
    "procrustes_disparity": 0.5097014924888769,
    "direct_mean_distance": 2.083196150104754,
    "direct_max_distance": 8.859741478666525,
    "scale_ratio": 1.0004516538189168,
    "is_non_congruent": true
  },
  "n_vertices": 6400,
  "n_triangles": 12800,
  "n_flux_edges": 13529,
  "resolution": 80,
  "output_files": [
    "rank051_fold3_paper_3fold_bwd_7__sym_h12_p013_eps1e-04_f_plus.obj",
    "rank051_fold3_paper_3fold_bwd_7__sym_h12_p013_eps1e-04_f_minus.obj",
    "rank051_fold3_paper_3fold_bwd_7__sym_h12_p013_eps1e-04_flux.obj",
    "rank051_fold3_paper_3fold_bwd_7__sym_h12_p013_eps1e-04_material.mtl",
    "rank051_fold3_paper_3fold_bwd_7__sym_h12_p013_eps1e-04_metadata.json"
  ],
  "time_seconds": 466.53
}