{
  "name": "rank112_fold3_paper_3fold_bwd_17__phase_h7_p041_eps1e-04",
  "rank": 112,
  "kind": "bonnet_atlas_theorem9",
  "seed_label": "paper_3fold_bwd_17",
  "forcing_label": "phase_h7_p041",
  "forcing_family": "phase_shifted",
  "symmetry_fold": 3,
  "tau_imag": 0.27330578925,
  "delta": 2.3057107138256083,
  "s1": -3.601381552,
  "s2": 1.3709442290133442,
  "epsilon": 0.0001,
  "epsilon_bonnet": 0.3,
  "alpha": [
    -0.007953792197619191,
    -0.028779393852894426,
    0.009397248779703648
  ],
  "residual_norm": 3.182655729632048e-09,
  "ratio": 1.0000000002649652,
  "verified_ratio": 0.9998650107583628,
  "validation_score": 4.170878986976554e-08,
  "b_scalar": 3.132717276560504e-09,
  "c_scalar": 1.1170873254195968e-12,
  "closure": {
    "rotation_angle": 2.0941123815866347,
    "k_fold": 3,
    "k_theta_over_2pi": 0.9998650107583628,
    "rationality_error": 0.00013498924163724002,
    "is_rational": true,
    "axis_direction": [
      -0.0036127288942182467,
      0.7950840747111071,
      0.6064884684235302
    ],
    "B_tilde_end": [
      1.0701400880460763,
      0.3794569565492421,
      -0.4905054210382902
    ],
    "axial_projection": 0.0003481756147502013,
    "axial_projection_abs": 0.0003481756147502013,
    "axial_B_norm": 1.2368439505389626,
    "paper_axial_scalar": null,
    "paper_axial_scalar_abs": null,
    "f_plus_closure_max": 8.612774039196282,
    "f_plus_closure_mean": 2.728567879099724,
    "f_minus_closure_max": 8.59481898155719,
    "f_minus_closure_mean": 2.7245082862048013,
    "euler_plus": {
      "vertices": 6400,
      "edges": 12800,
      "faces": 6400,
      "euler_characteristic": 0,
      "expected": 0,
      "ok": true
    },
    "euler_minus": {
      "vertices": 6400,
      "edges": 12800,
      "faces": 6400,
      "euler_characteristic": 0,
      "expected": 0,
      "ok": true
    },
    "all_ok": true
  },
  "isometry": {
    "E_max_abs_err": 3.694822225952521e-13,
    "F_max_abs_err": 766.7140455112235,
    "G_max_abs_err": 1215.0980521680121,
    "E_max_rel_err": 3.182109464695949e-14,
    "F_max_scaled_err": 2.0674828734535082,
    "G_max_rel_err": 3.0512686960440907,
    "metric_max_err": 1215.0980521680121,
    "interior_E_max_abs_err": 3.694822225952521e-13,
    "interior_F_max_abs_err": 75.81336597880642,
    "interior_G_max_abs_err": 7.420956540217617,
    "interior_E_max_rel_err": 3.182109464695949e-14,
    "interior_F_max_scaled_err": 2.0674828734535082,
    "interior_G_max_rel_err": 3.0512686960440907,
    "interior_metric_max_err": 75.81336597880642,
    "interior_metric_mean_err": 1.7482690586552239,
    "trim_margin": 8
  },
  "mean_curvature": {
    "H_plus_mean": 0.9855513975539878,
    "H_minus_mean": 0.9854874473243376,
    "max_abs_diff": 422.56018283807396,
    "mean_abs_diff": 0.8598303587954959,
    "interior_max_diff": 422.56018283807396,
    "interior_mean_diff": 1.0280160962599187,
    "trim_margin": 8
  },
  "non_congruence": {
    "procrustes_disparity": 0.5061068866923962,
    "direct_mean_distance": 1.6824974140478515,
    "direct_max_distance": 8.678323558703914,
    "scale_ratio": 0.9999970179012876,
    "is_non_congruent": true
  },
  "n_vertices": 6400,
  "n_triangles": 12800,
  "n_flux_edges": 13529,
  "resolution": 80,
  "output_files": [
    "rank112_fold3_paper_3fold_bwd_17__phase_h7_p041_eps1e-04_f_plus.obj",
    "rank112_fold3_paper_3fold_bwd_17__phase_h7_p041_eps1e-04_f_minus.obj",
    "rank112_fold3_paper_3fold_bwd_17__phase_h7_p041_eps1e-04_flux.obj",
    "rank112_fold3_paper_3fold_bwd_17__phase_h7_p041_eps1e-04_material.mtl",
    "rank112_fold3_paper_3fold_bwd_17__phase_h7_p041_eps1e-04_metadata.json"
  ],
  "time_seconds": 304.59
}