{
  "name": "rank214_fold3_paper_3fold_fwd_0__phase_h7_p041_eps8e-04",
  "rank": 214,
  "kind": "bonnet_atlas_theorem9",
  "seed_label": "paper_3fold_fwd_0",
  "forcing_label": "phase_h7_p041",
  "forcing_family": "phase_shifted",
  "symmetry_fold": 3,
  "tau_imag": 0.3215128205,
  "delta": 1.893242862967967,
  "s1": -3.601381552,
  "s2": 0.57132450266207,
  "epsilon": 0.00075,
  "epsilon_bonnet": 0.3,
  "alpha": [
    0.015934978950296295,
    -0.09462342679633198,
    0.2775875163245806
  ],
  "residual_norm": 1.5909825870167856e-06,
  "ratio": 0.9999999698399048,
  "verified_ratio": 1.0000015094624375,
  "validation_score": 0.00033032187625949564,
  "b_scalar": 1.5897282383860178e-06,
  "c_scalar": -4.570128997460898e-15,
  "closure": {
    "rotation_angle": 2.0943982638039316,
    "k_fold": 3,
    "k_theta_over_2pi": 1.0000015094624375,
    "rationality_error": 1.5094624374878407e-06,
    "is_rational": true,
    "axis_direction": [
      0.007121354401349922,
      0.9996839194656371,
      -0.024111148320057122
    ],
    "B_tilde_end": [
      2.7276669047192583,
      -0.05659250449007864,
      -1.556631435533819
    ],
    "axial_projection": 0.0003822374381398791,
    "axial_projection_abs": 0.0003822374381398791,
    "axial_B_norm": 3.1410938987488546,
    "paper_axial_scalar": null,
    "paper_axial_scalar_abs": null,
    "f_plus_closure_max": 11.78147859255668,
    "f_plus_closure_mean": 5.209807160747452,
    "f_minus_closure_max": 11.885964786721283,
    "f_minus_closure_mean": 5.213276083318378,
    "euler_plus": {
      "vertices": 6400,
      "edges": 12800,
      "faces": 6400,
      "euler_characteristic": 0,
      "expected": 0,
      "ok": true
    },
    "euler_minus": {
      "vertices": 6400,
      "edges": 12800,
      "faces": 6400,
      "euler_characteristic": 0,
      "expected": 0,
      "ok": true
    },
    "all_ok": true
  },
  "isometry": {
    "E_max_abs_err": 6.821210263296962e-13,
    "F_max_abs_err": 3593.9206610527062,
    "G_max_abs_err": 6164.1989183751875,
    "E_max_rel_err": 8.026855285536232e-14,
    "F_max_scaled_err": 1.2442831451391443,
    "G_max_rel_err": 1.2220095499182575,
    "metric_max_err": 6164.1989183751875,
    "interior_E_max_abs_err": 1.9895196601282805e-13,
    "interior_F_max_abs_err": 6.5748336020935225,
    "interior_G_max_abs_err": 2.758810178387069,
    "interior_E_max_rel_err": 2.5570864950780684e-14,
    "interior_F_max_scaled_err": 1.2442831451391443,
    "interior_G_max_rel_err": 1.2220095499182575,
    "interior_metric_max_err": 6.5748336020935225,
    "interior_metric_mean_err": 1.3396414398572796,
    "trim_margin": 8
  },
  "mean_curvature": {
    "H_plus_mean": 0.5547123930311149,
    "H_minus_mean": 0.5448909522552534,
    "max_abs_diff": 30.02776261533633,
    "mean_abs_diff": 0.25886079362219067,
    "interior_max_diff": 2.2375258380313823,
    "interior_mean_diff": 0.13568197248720154,
    "trim_margin": 8
  },
  "non_congruence": {
    "procrustes_disparity": 0.380502186284704,
    "direct_mean_distance": 2.626364983102218,
    "direct_max_distance": 13.357487850321073,
    "scale_ratio": 1.0006080722688835,
    "is_non_congruent": true
  },
  "n_vertices": 6400,
  "n_triangles": 12800,
  "n_flux_edges": 13529,
  "resolution": 80,
  "output_files": [
    "rank214_fold3_paper_3fold_fwd_0__phase_h7_p041_eps8e-04_f_plus.obj",
    "rank214_fold3_paper_3fold_fwd_0__phase_h7_p041_eps8e-04_f_minus.obj",
    "rank214_fold3_paper_3fold_fwd_0__phase_h7_p041_eps8e-04_flux.obj",
    "rank214_fold3_paper_3fold_fwd_0__phase_h7_p041_eps8e-04_material.mtl",
    "rank214_fold3_paper_3fold_fwd_0__phase_h7_p041_eps8e-04_metadata.json"
  ],
  "time_seconds": 425.96
}