{
  "name": "rank178_fold4_paper_4fold_bwd_13__smooth_h4_p019_eps8e-04",
  "rank": 178,
  "kind": "bonnet_atlas_theorem9",
  "seed_label": "paper_4fold_bwd_13",
  "forcing_label": "smooth_h4_p019",
  "forcing_family": "smooth_low_freq",
  "symmetry_fold": 4,
  "tau_imag": 0.28530578925,
  "delta": 1.8045340387172801,
  "s1": -3.13060628,
  "s2": 1.4336270031015448,
  "epsilon": 0.00075,
  "epsilon_bonnet": 0.3,
  "alpha": [
    0.0066359358964753635,
    -0.03567596924662676,
    0.09749502857610035
  ],
  "residual_norm": 1.391662651927564e-05,
  "ratio": 1.0000042666411122,
  "verified_ratio": 0.999960566746768,
  "validation_score": 7.075225341454853e-05,
  "b_scalar": -1.0831442360199894e-05,
  "c_scalar": 5.606711745855843e-06,
  "closure": {
    "rotation_angle": 1.5707343851855662,
    "k_fold": 4,
    "k_theta_over_2pi": 0.999960566746768,
    "rationality_error": 3.943325323196856e-05,
    "is_rational": true,
    "axis_direction": [
      -0.0006922943154500887,
      0.8957869223411383,
      0.44448319483549875
    ],
    "B_tilde_end": [
      0.8829587029865806,
      0.39234433242800704,
      -0.7891149980482145
    ],
    "axial_projection": 9.729932773933081e-05,
    "axial_projection_abs": 9.729932773933081e-05,
    "axial_B_norm": 1.2474985476996585,
    "paper_axial_scalar": null,
    "paper_axial_scalar_abs": null,
    "f_plus_closure_max": 4.897825069604997,
    "f_plus_closure_mean": 2.203809516659388,
    "f_minus_closure_max": 4.89357078949211,
    "f_minus_closure_mean": 2.2025801704458465,
    "euler_plus": {
      "vertices": 6400,
      "edges": 12800,
      "faces": 6400,
      "euler_characteristic": 0,
      "expected": 0,
      "ok": true
    },
    "euler_minus": {
      "vertices": 6400,
      "edges": 12800,
      "faces": 6400,
      "euler_characteristic": 0,
      "expected": 0,
      "ok": true
    },
    "all_ok": true
  },
  "isometry": {
    "E_max_abs_err": 1.9895196601282805e-13,
    "F_max_abs_err": 537.1432918619122,
    "G_max_abs_err": 451.0634359118535,
    "E_max_rel_err": 2.1403635448744357e-14,
    "F_max_scaled_err": 1.7804297978751622,
    "G_max_rel_err": 2.5311537461639793,
    "metric_max_err": 537.1432918619122,
    "interior_E_max_abs_err": 1.3500311979441904e-13,
    "interior_F_max_abs_err": 17.93323567576474,
    "interior_G_max_abs_err": 4.933513407182318,
    "interior_E_max_rel_err": 2.1403635448744357e-14,
    "interior_F_max_scaled_err": 1.7804297978751622,
    "interior_G_max_rel_err": 2.5311537461639793,
    "interior_metric_max_err": 17.93323567576474,
    "interior_metric_mean_err": 1.288226457319074,
    "trim_margin": 8
  },
  "mean_curvature": {
    "H_plus_mean": 0.876416605696171,
    "H_minus_mean": 0.8666159193177098,
    "max_abs_diff": 128.69646046597632,
    "mean_abs_diff": 0.5324072211750426,
    "interior_max_diff": 7.878851869682287,
    "interior_mean_diff": 0.48006409903077735,
    "trim_margin": 8
  },
  "non_congruence": {
    "procrustes_disparity": 0.5408196522067713,
    "direct_mean_distance": 1.7732372995603094,
    "direct_max_distance": 6.4995870882928495,
    "scale_ratio": 1.0003926354236865,
    "is_non_congruent": true
  },
  "n_vertices": 6400,
  "n_triangles": 12800,
  "n_flux_edges": 13529,
  "resolution": 80,
  "output_files": [
    "rank178_fold4_paper_4fold_bwd_13__smooth_h4_p019_eps8e-04_f_plus.obj",
    "rank178_fold4_paper_4fold_bwd_13__smooth_h4_p019_eps8e-04_f_minus.obj",
    "rank178_fold4_paper_4fold_bwd_13__smooth_h4_p019_eps8e-04_flux.obj",
    "rank178_fold4_paper_4fold_bwd_13__smooth_h4_p019_eps8e-04_material.mtl",
    "rank178_fold4_paper_4fold_bwd_13__smooth_h4_p019_eps8e-04_metadata.json"
  ],
  "time_seconds": 371.29
}