{
  "name": "rank004_fold3_paper_3fold__smooth_h4_p019_eps5e-04",
  "rank": 4,
  "kind": "bonnet_atlas_theorem9",
  "seed_label": "paper_3fold",
  "forcing_label": "smooth_h4_p019",
  "forcing_family": "smooth_low_freq",
  "symmetry_fold": 3,
  "tau_imag": 0.3205128205,
  "delta": 1.897366596,
  "s1": -3.601381552,
  "s2": 0.5965202011,
  "epsilon": 0.0005,
  "epsilon_bonnet": 0.3,
  "alpha": [
    0.020156211660215514,
    -0.0634556759879023,
    0.22152316877443917
  ],
  "residual_norm": 4.846585194214697e-11,
  "ratio": 0.9999999999846714,
  "verified_ratio": 0.9999985373695669,
  "validation_score": 8.558060188339295e-11,
  "b_scalar": 1.746049832496155e-11,
  "c_scalar": -2.498001805406602e-16,
  "closure": {
    "rotation_angle": 2.0943920390671797,
    "k_fold": 3,
    "k_theta_over_2pi": 0.9999985373695669,
    "rationality_error": 1.462630433102241e-06,
    "is_rational": true,
    "axis_direction": [
      0.008177630230210618,
      0.9999483348799272,
      -0.006037709390054078
    ],
    "B_tilde_end": [
      2.6623897021689453,
      -0.03013059891763968,
      -1.5245913719241677
    ],
    "axial_projection": 0.0008480359386914531,
    "axial_projection_abs": 0.0008480359386914531,
    "axial_B_norm": 3.068159974732738,
    "paper_axial_scalar": null,
    "paper_axial_scalar_abs": null,
    "f_plus_closure_max": 11.146717850711925,
    "f_plus_closure_mean": 5.019617704642175,
    "f_minus_closure_max": 11.212125963428855,
    "f_minus_closure_mean": 5.026967337033625,
    "euler_plus": {
      "vertices": 6400,
      "edges": 12800,
      "faces": 6400,
      "euler_characteristic": 0,
      "expected": 0,
      "ok": true
    },
    "euler_minus": {
      "vertices": 6400,
      "edges": 12800,
      "faces": 6400,
      "euler_characteristic": 0,
      "expected": 0,
      "ok": true
    },
    "all_ok": true
  },
  "isometry": {
    "E_max_abs_err": 6.821210263296962e-13,
    "F_max_abs_err": 3181.737164991415,
    "G_max_abs_err": 5514.12432425039,
    "E_max_rel_err": 6.291521999101785e-14,
    "F_max_scaled_err": 1.3150787617154696,
    "G_max_rel_err": 1.274924006932008,
    "metric_max_err": 5514.12432425039,
    "interior_E_max_abs_err": 1.9895196601282805e-13,
    "interior_F_max_abs_err": 6.1009460338392705,
    "interior_G_max_abs_err": 3.174842547723088,
    "interior_E_max_rel_err": 1.627573651773023e-14,
    "interior_F_max_scaled_err": 1.3150787617154696,
    "interior_G_max_rel_err": 1.274924006932008,
    "interior_metric_max_err": 6.1009460338392705,
    "interior_metric_mean_err": 1.3897667066534298,
    "trim_margin": 8
  },
  "mean_curvature": {
    "H_plus_mean": 0.5575664705079142,
    "H_minus_mean": 0.5493551226345504,
    "max_abs_diff": 24.513991554067815,
    "mean_abs_diff": 0.2561004685239561,
    "interior_max_diff": 2.062306575117014,
    "interior_mean_diff": 0.14340448881933018,
    "trim_margin": 8
  },
  "non_congruence": {
    "procrustes_disparity": 0.3893747540810044,
    "direct_mean_distance": 2.5862153955388045,
    "direct_max_distance": 12.773873702520797,
    "scale_ratio": 1.000502134878064,
    "is_non_congruent": true
  },
  "n_vertices": 6400,
  "n_triangles": 12800,
  "n_flux_edges": 13529,
  "resolution": 80,
  "output_files": [
    "rank004_fold3_paper_3fold__smooth_h4_p019_eps5e-04_f_plus.obj",
    "rank004_fold3_paper_3fold__smooth_h4_p019_eps5e-04_f_minus.obj",
    "rank004_fold3_paper_3fold__smooth_h4_p019_eps5e-04_flux.obj",
    "rank004_fold3_paper_3fold__smooth_h4_p019_eps5e-04_material.mtl",
    "rank004_fold3_paper_3fold__smooth_h4_p019_eps5e-04_metadata.json"
  ],
  "time_seconds": 319.48
}