{
  "name": "rank083_fold4_paper_4fold_bwd_8__smooth_h4_p019_eps3e-04",
  "rank": 83,
  "kind": "bonnet_atlas_theorem9",
  "seed_label": "paper_4fold_bwd_8",
  "forcing_label": "smooth_h4_p019",
  "forcing_family": "smooth_low_freq",
  "symmetry_fold": 4,
  "tau_imag": 0.30030578925,
  "delta": 1.7032169192828626,
  "s1": -3.13060628,
  "s2": 1.118135851053402,
  "epsilon": 0.00025,
  "epsilon_bonnet": 0.3,
  "alpha": [
    -0.009740465751642963,
    -0.07130038049295215,
    0.08690111258398793
  ],
  "residual_norm": 3.921613347532306e-06,
  "ratio": 1.0000013409410555,
  "verified_ratio": 0.9999958260627957,
  "validation_score": 9.980500504336484e-09,
  "b_scalar": -2.21314157701491e-06,
  "c_scalar": 2.4585302049193528e-06,
  "closure": {
    "rotation_angle": 1.5707897703896678,
    "k_fold": 4,
    "k_theta_over_2pi": 0.9999958260627957,
    "rationality_error": 4.173937204310363e-06,
    "is_rational": true,
    "axis_direction": [
      -0.006055909114174321,
      0.9676038402906625,
      0.25240074132134177
    ],
    "B_tilde_end": [
      1.1514759313945093,
      0.29701517810386424,
      -1.1107824508773356
    ],
    "axial_projection": 5.7479322053355375e-05,
    "axial_projection_abs": 5.7479322053355375e-05,
    "axial_B_norm": 1.6272530503219171,
    "paper_axial_scalar": null,
    "paper_axial_scalar_abs": null,
    "f_plus_closure_max": 5.049350276234923,
    "f_plus_closure_mean": 2.551832415803684,
    "f_minus_closure_max": 5.016985661651208,
    "f_minus_closure_mean": 2.5447064284131575,
    "euler_plus": {
      "vertices": 6400,
      "edges": 12800,
      "faces": 6400,
      "euler_characteristic": 0,
      "expected": 0,
      "ok": true
    },
    "euler_minus": {
      "vertices": 6400,
      "edges": 12800,
      "faces": 6400,
      "euler_characteristic": 0,
      "expected": 0,
      "ok": true
    },
    "all_ok": true
  },
  "isometry": {
    "E_max_abs_err": 2.1316282072803006e-13,
    "F_max_abs_err": 821.3969406010242,
    "G_max_abs_err": 777.1434681943629,
    "E_max_rel_err": 2.165049915726946e-14,
    "F_max_scaled_err": 1.6811113646553824,
    "G_max_rel_err": 2.7144791747627255,
    "metric_max_err": 821.3969406010242,
    "interior_E_max_abs_err": 1.1368683772161603e-13,
    "interior_F_max_abs_err": 5.474127660281561,
    "interior_G_max_abs_err": 6.510923317766711,
    "interior_E_max_rel_err": 1.7310519796351107e-14,
    "interior_F_max_scaled_err": 1.6811113646553824,
    "interior_G_max_rel_err": 2.7144791747627255,
    "interior_metric_max_err": 6.510923317766711,
    "interior_metric_mean_err": 1.3196121016108906,
    "trim_margin": 8
  },
  "mean_curvature": {
    "H_plus_mean": 0.7748838938367224,
    "H_minus_mean": 0.7651288163106148,
    "max_abs_diff": 125.29589696373995,
    "mean_abs_diff": 0.45431613230859486,
    "interior_max_diff": 6.016253713090808,
    "interior_mean_diff": 0.3810809342049487,
    "trim_margin": 8
  },
  "non_congruence": {
    "procrustes_disparity": 0.5092948695333336,
    "direct_mean_distance": 1.9685591367789306,
    "direct_max_distance": 7.361545388478845,
    "scale_ratio": 1.0003698916983215,
    "is_non_congruent": true
  },
  "n_vertices": 6400,
  "n_triangles": 12800,
  "n_flux_edges": 13529,
  "resolution": 80,
  "output_files": [
    "rank083_fold4_paper_4fold_bwd_8__smooth_h4_p019_eps3e-04_f_plus.obj",
    "rank083_fold4_paper_4fold_bwd_8__smooth_h4_p019_eps3e-04_f_minus.obj",
    "rank083_fold4_paper_4fold_bwd_8__smooth_h4_p019_eps3e-04_flux.obj",
    "rank083_fold4_paper_4fold_bwd_8__smooth_h4_p019_eps3e-04_material.mtl",
    "rank083_fold4_paper_4fold_bwd_8__smooth_h4_p019_eps3e-04_metadata.json"
  ],
  "time_seconds": 396.23
}