{
  "name": "rank093_fold4_paper_4fold_bwd_16__anti_h11_p043_eps8e-04",
  "rank": 93,
  "kind": "bonnet_atlas_theorem9",
  "seed_label": "paper_4fold_bwd_16",
  "forcing_label": "anti_h11_p043",
  "forcing_family": "anti_reflection",
  "symmetry_fold": 4,
  "tau_imag": 0.27630578925,
  "delta": 1.8746151019052095,
  "s1": -3.13060628,
  "s2": 1.6040432495181718,
  "epsilon": 0.00075,
  "epsilon_bonnet": 0.3,
  "alpha": [
    -0.01017887221981275,
    -0.07346391368985038,
    0.13458455000309197
  ],
  "residual_norm": 5.881736899845258e-05,
  "ratio": 1.0000105528766998,
  "verified_ratio": 0.9999971918861957,
  "validation_score": 1.855643963526838e-08,
  "b_scalar": -5.6433147042275755e-05,
  "c_scalar": -7.125472837894026e-08,
  "closure": {
    "rotation_angle": 1.5707919158200476,
    "k_fold": 4,
    "k_theta_over_2pi": 0.9999971918861957,
    "rationality_error": 2.8081138042646003e-06,
    "is_rational": true,
    "axis_direction": [
      -0.005020801717533421,
      0.8402587136771522,
      0.5421624162921392
    ],
    "B_tilde_end": [
      0.7545300905289507,
      0.4123021658722194,
      -0.6320281882418652
    ],
    "axial_projection": -9.788134316179864e-06,
    "axial_projection_abs": 9.788134316179864e-06,
    "axial_B_norm": 1.0671309030427543,
    "paper_axial_scalar": null,
    "paper_axial_scalar_abs": null,
    "f_plus_closure_max": 4.793846442741193,
    "f_plus_closure_mean": 2.100719379560053,
    "f_minus_closure_max": 4.77300907177893,
    "f_minus_closure_mean": 2.095593873793061,
    "euler_plus": {
      "vertices": 6400,
      "edges": 12800,
      "faces": 6400,
      "euler_characteristic": 0,
      "expected": 0,
      "ok": true
    },
    "euler_minus": {
      "vertices": 6400,
      "edges": 12800,
      "faces": 6400,
      "euler_characteristic": 0,
      "expected": 0,
      "ok": true
    },
    "all_ok": true
  },
  "isometry": {
    "E_max_abs_err": 1.9895196601282805e-13,
    "F_max_abs_err": 578.0096711532481,
    "G_max_abs_err": 484.6739404238933,
    "E_max_rel_err": 1.9352080655973678e-14,
    "F_max_scaled_err": 1.8545140789854004,
    "G_max_rel_err": 3.9047485476706933,
    "metric_max_err": 578.0096711532481,
    "interior_E_max_abs_err": 1.9895196601282805e-13,
    "interior_F_max_abs_err": 18.667123812533184,
    "interior_G_max_abs_err": 11.802538865386424,
    "interior_E_max_rel_err": 1.9352080655973678e-14,
    "interior_F_max_scaled_err": 1.8545140789854004,
    "interior_G_max_rel_err": 3.9047485476706933,
    "interior_metric_max_err": 18.667123812533184,
    "interior_metric_mean_err": 1.396119287397437,
    "trim_margin": 8
  },
  "mean_curvature": {
    "H_plus_mean": 0.9587640575491815,
    "H_minus_mean": 0.9361087103049271,
    "max_abs_diff": 137.51987814048832,
    "mean_abs_diff": 0.6239840609067532,
    "interior_max_diff": 15.526912643048345,
    "interior_mean_diff": 0.6151216801825,
    "trim_margin": 8
  },
  "non_congruence": {
    "procrustes_disparity": 0.508066249217937,
    "direct_mean_distance": 1.6836057224760947,
    "direct_max_distance": 6.788764680080238,
    "scale_ratio": 1.0005839101506095,
    "is_non_congruent": true
  },
  "n_vertices": 6400,
  "n_triangles": 12800,
  "n_flux_edges": 13529,
  "resolution": 80,
  "output_files": [
    "rank093_fold4_paper_4fold_bwd_16__anti_h11_p043_eps8e-04_f_plus.obj",
    "rank093_fold4_paper_4fold_bwd_16__anti_h11_p043_eps8e-04_f_minus.obj",
    "rank093_fold4_paper_4fold_bwd_16__anti_h11_p043_eps8e-04_flux.obj",
    "rank093_fold4_paper_4fold_bwd_16__anti_h11_p043_eps8e-04_material.mtl",
    "rank093_fold4_paper_4fold_bwd_16__anti_h11_p043_eps8e-04_metadata.json"
  ],
  "time_seconds": 407.25
}