{
  "name": "rank122_fold4_paper_4fold_bwd_8__smooth_h4_p019_eps1e-03",
  "rank": 122,
  "kind": "bonnet_atlas_theorem9",
  "seed_label": "paper_4fold_bwd_8",
  "forcing_label": "smooth_h4_p019",
  "forcing_family": "smooth_low_freq",
  "symmetry_fold": 4,
  "tau_imag": 0.30030578925,
  "delta": 1.7032169192828626,
  "s1": -3.13060628,
  "s2": 1.118135851053402,
  "epsilon": 0.001,
  "epsilon_bonnet": 0.3,
  "alpha": [
    -0.009796833843195019,
    -0.07128094224224077,
    0.08682234783001648
  ],
  "residual_norm": 1.8627671810265266e-06,
  "ratio": 1.0000006172587275,
  "verified_ratio": 0.9999950901375563,
  "validation_score": 6.952325871738304e-08,
  "b_scalar": -1.5905319571928034e-06,
  "c_scalar": -3.443944101254315e-09,
  "closure": {
    "rotation_angle": 1.5707886144010048,
    "k_fold": 4,
    "k_theta_over_2pi": 0.9999950901375563,
    "rationality_error": 4.909862443724933e-06,
    "is_rational": true,
    "axis_direction": [
      -0.006063294796391815,
      0.967603996351204,
      0.2523999657317552
    ],
    "B_tilde_end": [
      1.1514702097494331,
      0.29702419584517703,
      -1.1107901735464918
    ],
    "axial_projection": 5.669384351714157e-05,
    "axial_projection_abs": 5.669384351714157e-05,
    "axial_B_norm": 1.6272559191796856,
    "paper_axial_scalar": null,
    "paper_axial_scalar_abs": null,
    "f_plus_closure_max": 5.04935780893162,
    "f_plus_closure_mean": 2.551833212104353,
    "f_minus_closure_max": 5.016964376853033,
    "f_minus_closure_mean": 2.544703895894294,
    "euler_plus": {
      "vertices": 6400,
      "edges": 12800,
      "faces": 6400,
      "euler_characteristic": 0,
      "expected": 0,
      "ok": true
    },
    "euler_minus": {
      "vertices": 6400,
      "edges": 12800,
      "faces": 6400,
      "euler_characteristic": 0,
      "expected": 0,
      "ok": true
    },
    "all_ok": true
  },
  "isometry": {
    "E_max_abs_err": 1.5631940186722204e-13,
    "F_max_abs_err": 821.3994062519788,
    "G_max_abs_err": 777.2962843795558,
    "E_max_rel_err": 1.6364349674216414e-14,
    "F_max_scaled_err": 1.6811061483668377,
    "G_max_rel_err": 2.716499134216595,
    "metric_max_err": 821.3994062519788,
    "interior_E_max_abs_err": 1.2789769243681803e-13,
    "interior_F_max_abs_err": 5.474071618598386,
    "interior_G_max_abs_err": 6.512521019232381,
    "interior_E_max_rel_err": 1.4993935781958444e-14,
    "interior_F_max_scaled_err": 1.6811061483668377,
    "interior_G_max_rel_err": 2.716499134216595,
    "interior_metric_max_err": 6.512521019232381,
    "interior_metric_mean_err": 1.3196386940630371,
    "trim_margin": 8
  },
  "mean_curvature": {
    "H_plus_mean": 0.7749153324802078,
    "H_minus_mean": 0.7651336427905656,
    "max_abs_diff": 125.31204288112707,
    "mean_abs_diff": 0.45432766461799573,
    "interior_max_diff": 6.025678870225193,
    "interior_mean_diff": 0.3810974335271786,
    "trim_margin": 8
  },
  "non_congruence": {
    "procrustes_disparity": 0.5092976772781839,
    "direct_mean_distance": 1.9685567614062485,
    "direct_max_distance": 7.361545388478845,
    "scale_ratio": 1.000368306700484,
    "is_non_congruent": true
  },
  "n_vertices": 6400,
  "n_triangles": 12800,
  "n_flux_edges": 13529,
  "resolution": 80,
  "output_files": [
    "rank122_fold4_paper_4fold_bwd_8__smooth_h4_p019_eps1e-03_f_plus.obj",
    "rank122_fold4_paper_4fold_bwd_8__smooth_h4_p019_eps1e-03_f_minus.obj",
    "rank122_fold4_paper_4fold_bwd_8__smooth_h4_p019_eps1e-03_flux.obj",
    "rank122_fold4_paper_4fold_bwd_8__smooth_h4_p019_eps1e-03_material.mtl",
    "rank122_fold4_paper_4fold_bwd_8__smooth_h4_p019_eps1e-03_metadata.json"
  ],
  "time_seconds": 492.79
}