{
  "name": "rank062_fold4_paper_4fold_bwd_4__anti_h9_p033_eps5e-04",
  "rank": 62,
  "kind": "bonnet_atlas_theorem9",
  "seed_label": "paper_4fold_bwd_4",
  "forcing_label": "anti_h9_p033",
  "forcing_family": "anti_reflection",
  "symmetry_fold": 4,
  "tau_imag": 0.31230578925,
  "delta": 1.637615385193288,
  "s1": -3.13060628,
  "s2": 0.8200223012078347,
  "epsilon": 0.0005,
  "epsilon_bonnet": 0.3,
  "alpha": [
    -0.0028548712841113765,
    -0.07373935189649174,
    0.10924508028618993
  ],
  "residual_norm": 1.8781777926913698e-05,
  "ratio": 1.0000099171080732,
  "verified_ratio": 1.000007692046755,
  "validation_score": 2.81821590458616e-09,
  "b_scalar": 1.0490280736796809e-05,
  "c_scalar": -2.061507926491915e-07,
  "closure": {
    "rotation_angle": 1.570808409433685,
    "k_fold": 4,
    "k_theta_over_2pi": 1.000007692046755,
    "rationality_error": 7.692046755103377e-06,
    "is_rational": true,
    "axis_direction": [
      -0.005078178422801816,
      0.9975947044501562,
      0.06913044016142159
    ],
    "B_tilde_end": [
      1.476482070202991,
      0.10926929949212721,
      -1.4668371156629272
    ],
    "axial_projection": 0.0001055396908774403,
    "axial_projection_abs": 0.0001055396908774403,
    "axial_B_norm": 2.0841185684429635,
    "paper_axial_scalar": null,
    "paper_axial_scalar_abs": null,
    "f_plus_closure_max": 6.230377367851184,
    "f_plus_closure_mean": 3.162949273765241,
    "f_minus_closure_max": 6.183018775450172,
    "f_minus_closure_mean": 3.1552567663550506,
    "euler_plus": {
      "vertices": 6400,
      "edges": 12800,
      "faces": 6400,
      "euler_characteristic": 0,
      "expected": 0,
      "ok": true
    },
    "euler_minus": {
      "vertices": 6400,
      "edges": 12800,
      "faces": 6400,
      "euler_characteristic": 0,
      "expected": 0,
      "ok": true
    },
    "all_ok": true
  },
  "isometry": {
    "E_max_abs_err": 2.8421709430404007e-13,
    "F_max_abs_err": 1521.0628547196156,
    "G_max_abs_err": 1449.1632454014307,
    "E_max_rel_err": 2.1742421920590503e-14,
    "F_max_scaled_err": 1.473854019251701,
    "G_max_rel_err": 1.5369483881096322,
    "metric_max_err": 1521.0628547196156,
    "interior_E_max_abs_err": 9.947598300641403e-14,
    "interior_F_max_abs_err": 4.878573850388576,
    "interior_G_max_abs_err": 3.5215457178821197,
    "interior_E_max_rel_err": 1.3125119205996228e-14,
    "interior_F_max_scaled_err": 1.3504392844751523,
    "interior_G_max_rel_err": 1.5369483881096322,
    "interior_metric_max_err": 4.878573850388576,
    "interior_metric_mean_err": 1.2643856355590746,
    "trim_margin": 8
  },
  "mean_curvature": {
    "H_plus_mean": 0.6619111598118016,
    "H_minus_mean": 0.6557909754271748,
    "max_abs_diff": 112.43000976194776,
    "mean_abs_diff": 0.34874112381032474,
    "interior_max_diff": 2.596403261141108,
    "interior_mean_diff": 0.22360111486477413,
    "trim_margin": 8
  },
  "non_congruence": {
    "procrustes_disparity": 0.463950695285471,
    "direct_mean_distance": 2.2059490378789897,
    "direct_max_distance": 9.133701658494232,
    "scale_ratio": 1.0003454307302195,
    "is_non_congruent": true
  },
  "n_vertices": 6400,
  "n_triangles": 12800,
  "n_flux_edges": 13529,
  "resolution": 80,
  "output_files": [
    "rank062_fold4_paper_4fold_bwd_4__anti_h9_p033_eps5e-04_f_plus.obj",
    "rank062_fold4_paper_4fold_bwd_4__anti_h9_p033_eps5e-04_f_minus.obj",
    "rank062_fold4_paper_4fold_bwd_4__anti_h9_p033_eps5e-04_flux.obj",
    "rank062_fold4_paper_4fold_bwd_4__anti_h9_p033_eps5e-04_material.mtl",
    "rank062_fold4_paper_4fold_bwd_4__anti_h9_p033_eps5e-04_metadata.json"
  ],
  "time_seconds": 315.95
}