{
  "k": 50,
  "palette": "Magma",
  "tau_imag": 0.3205128205,
  "s1": -8.5,
  "delta": 0.984585,
  "s2": 6.864665,
  "theta_deg": 7.2,
  "epsilon": 0.3,
  "resolution": 120,
  "n_vertices": 14400,
  "n_triangles": 28800,
  "n_flux_edges": 30400,
  "time_seconds": 134.0,
  "omega": 0.38901804758715763,
  "asymptotic_formula": "delta(k) = 7.0814165/sqrt(k) * (1 - 0.85766/k + 0.75/k^2)",
  "asymptotic_prediction": 0.984586,
  "actual_delta": 0.984585,
  "bbox_plus": {
    "min": [
      -3.573796534727817,
      -2.9942783956560914,
      -7.57484462244316
    ],
    "max": [
      1.6956767383916493,
      4.452030215419569,
      0.14771576849826112
    ]
  },
  "bbox_minus": {
    "min": [
      -1.6648391502568596,
      -2.9836807223934665,
      -7.11293767203477
    ],
    "max": [
      4.343627889951355,
      4.463013773673128,
      0.08971433426237047
    ]
  },
  "color_scheme": {
    "name": "Magma",
    "hue_range": [
      0.0,
      0.08
    ],
    "mtl_kd_plus": [
      0.92,
      0.28,
      0.08
    ],
    "mtl_kd_minus": [
      0.75,
      0.18,
      0.06
    ]
  },
  "files": [
    "k50_f_plus.obj",
    "k50_f_minus.obj",
    "k50_material.mtl",
    "k50_flux.obj"
  ]
}