{
  "k": 750,
  "palette": "Amethyst",
  "tau_imag": 0.3205128205,
  "s1": -8.5,
  "delta": 0.258281,
  "s2": 7.291726,
  "theta_deg": 0.48,
  "epsilon": 0.3,
  "resolution": 120,
  "n_vertices": 14400,
  "n_triangles": 28800,
  "n_flux_edges": 30400,
  "time_seconds": 131.5,
  "omega": 0.38901804758715763,
  "asymptotic_formula": "delta(k) = 7.0814165/sqrt(k) * (1 - 0.85766/k + 0.75/k^2)",
  "asymptotic_prediction": 0.258281,
  "actual_delta": 0.258281,
  "bbox_plus": {
    "min": [
      -3.0981244723194488,
      -2.6316600373204193,
      -6.634944997087141
    ],
    "max": [
      1.6107087531682767,
      4.104979016274797,
      0.05535538967067313
    ]
  },
  "bbox_minus": {
    "min": [
      -1.6089159169919574,
      -2.6309600572484118,
      -6.603221283036493
    ],
    "max": [
      3.150934897586091,
      4.105602786941767,
      0.051547520452635456
    ]
  },
  "color_scheme": {
    "name": "Amethyst",
    "hue_range": [
      0.74,
      0.84
    ],
    "mtl_kd_plus": [
      0.58,
      0.18,
      0.82
    ],
    "mtl_kd_minus": [
      0.42,
      0.12,
      0.62
    ]
  },
  "files": [
    "k750_f_plus.obj",
    "k750_f_minus.obj",
    "k750_material.mtl",
    "k750_flux.obj"
  ]
}