{
  "name": "rank164_fold3_paper_3fold_bwd_18__sym_h12_p013_eps5e-04",
  "rank": 164,
  "kind": "bonnet_atlas_theorem9",
  "seed_label": "paper_3fold_bwd_18",
  "forcing_label": "sym_h12_p013",
  "forcing_family": "symmetry_aware",
  "symmetry_fold": 3,
  "tau_imag": 0.27051282050000003,
  "delta": 2.346598203968648,
  "s1": -3.601381552,
  "s2": 1.3958837361792573,
  "epsilon": 0.0005,
  "epsilon_bonnet": 0.3,
  "alpha": [
    -0.00824860528575579,
    -0.026266544361893455,
    0.003855160110903106
  ],
  "residual_norm": 4.855647598783945e-06,
  "ratio": 1.0000017664872707,
  "verified_ratio": 0.999860483520892,
  "validation_score": 2.9494250383311512e-05,
  "b_scalar": 3.1135708889185043e-06,
  "c_scalar": -4.415703671479393e-07,
  "closure": {
    "rotation_angle": 2.0941028997626483,
    "k_fold": 3,
    "k_theta_over_2pi": 0.999860483520892,
    "rationality_error": 0.00013951647910803722,
    "is_rational": true,
    "axis_direction": [
      -0.0035756905028286948,
      0.7764433512565351,
      0.6301769090715312
    ],
    "B_tilde_end": [
      1.0228427381808918,
      0.37685627284809214,
      -0.457969867296532
    ],
    "axial_projection": 0.00034814294659130107,
    "axial_projection_abs": 0.00034814294659130107,
    "axial_B_norm": 1.1823554105200107,
    "paper_axial_scalar": null,
    "paper_axial_scalar_abs": null,
    "f_plus_closure_max": 8.821490205631008,
    "f_plus_closure_mean": 2.7180865448205216,
    "f_minus_closure_max": 8.804306648355785,
    "f_minus_closure_mean": 2.7140736862735637,
    "euler_plus": {
      "vertices": 6400,
      "edges": 12800,
      "faces": 6400,
      "euler_characteristic": 0,
      "expected": 0,
      "ok": true
    },
    "euler_minus": {
      "vertices": 6400,
      "edges": 12800,
      "faces": 6400,
      "euler_characteristic": 0,
      "expected": 0,
      "ok": true
    },
    "all_ok": true
  },
  "isometry": {
    "E_max_abs_err": 3.694822225952521e-13,
    "F_max_abs_err": 880.4284716333118,
    "G_max_abs_err": 1292.044167407098,
    "E_max_rel_err": 3.080361690524517e-14,
    "F_max_scaled_err": 2.081231317514653,
    "G_max_rel_err": 3.3843574134773746,
    "metric_max_err": 1292.044167407098,
    "interior_E_max_abs_err": 3.410605131648481e-13,
    "interior_F_max_abs_err": 47.40078173996038,
    "interior_G_max_abs_err": 8.926767082011509,
    "interior_E_max_rel_err": 3.080361690524517e-14,
    "interior_F_max_scaled_err": 2.081231317514653,
    "interior_G_max_rel_err": 3.3843574134773746,
    "interior_metric_max_err": 47.40078173996038,
    "interior_metric_mean_err": 1.5005149540021103,
    "trim_margin": 8
  },
  "mean_curvature": {
    "H_plus_mean": 0.9565723696002544,
    "H_minus_mean": 0.959106296778225,
    "max_abs_diff": 178.89404876892138,
    "mean_abs_diff": 0.8110376076780165,
    "interior_max_diff": 178.89404876892138,
    "interior_mean_diff": 0.9504377180325316,
    "trim_margin": 8
  },
  "non_congruence": {
    "procrustes_disparity": 0.49833170857115716,
    "direct_mean_distance": 1.6589478505810937,
    "direct_max_distance": 8.900783937691358,
    "scale_ratio": 0.9999838774422388,
    "is_non_congruent": true
  },
  "n_vertices": 6400,
  "n_triangles": 12800,
  "n_flux_edges": 13529,
  "resolution": 80,
  "output_files": [
    "rank164_fold3_paper_3fold_bwd_18__sym_h12_p013_eps5e-04_f_plus.obj",
    "rank164_fold3_paper_3fold_bwd_18__sym_h12_p013_eps5e-04_f_minus.obj",
    "rank164_fold3_paper_3fold_bwd_18__sym_h12_p013_eps5e-04_flux.obj",
    "rank164_fold3_paper_3fold_bwd_18__sym_h12_p013_eps5e-04_material.mtl",
    "rank164_fold3_paper_3fold_bwd_18__sym_h12_p013_eps5e-04_metadata.json"
  ],
  "time_seconds": 610.99
}