{
  "k": 1000,
  "palette": "Obsidian",
  "tau_imag": 0.3205128205,
  "s1": -8.5,
  "delta": 0.223742,
  "s2": 7.299593,
  "theta_deg": 0.36,
  "epsilon": 0.3,
  "resolution": 120,
  "n_vertices": 14400,
  "n_triangles": 28800,
  "n_flux_edges": 30400,
  "time_seconds": 132.0,
  "omega": 0.38901804758715763,
  "asymptotic_formula": "delta(k) = 7.0814165/sqrt(k) * (1 - 0.85766/k + 0.75/k^2)",
  "asymptotic_prediction": 0.223742,
  "actual_delta": 0.223742,
  "bbox_plus": {
    "min": [
      -3.0684939146174948,
      -2.6138171675701227,
      -6.597337879091651
    ],
    "max": [
      1.6078946273797678,
      4.0886000954969015,
      0.05249604573910324
    ]
  },
  "bbox_minus": {
    "min": [
      -1.6065373226407298,
      -2.6132918045099736,
      -6.57351807048914
    ],
    "max": [
      3.108142188631178,
      4.089068247242609,
      0.04969719681906805
    ]
  },
  "color_scheme": {
    "name": "Obsidian",
    "hue_range": [
      0.0,
      1.0
    ],
    "mtl_kd_plus": [
      0.72,
      0.72,
      0.78
    ],
    "mtl_kd_minus": [
      0.5,
      0.5,
      0.56
    ]
  },
  "files": [
    "k1000_f_plus.obj",
    "k1000_f_minus.obj",
    "k1000_material.mtl",
    "k1000_flux.obj"
  ]
}