{
  "name": "rank121_fold3_paper_3fold_bwd_9__anti_h9_p033_eps1e-04",
  "rank": 121,
  "kind": "bonnet_atlas_theorem9",
  "seed_label": "paper_3fold_bwd_9",
  "forcing_label": "anti_h9_p033",
  "forcing_family": "anti_reflection",
  "symmetry_fold": 3,
  "tau_imag": 0.29730578925,
  "delta": 2.050823888971856,
  "s1": -3.601381552,
  "s2": 1.0557707132350325,
  "epsilon": 0.0001,
  "epsilon_bonnet": 0.3,
  "alpha": [
    0.00683884710056996,
    -0.08346275203853869,
    0.21300230259434036
  ],
  "residual_norm": 2.6414282925806288e-08,
  "ratio": 0.9999999876903586,
  "verified_ratio": 0.9999846112543106,
  "validation_score": 6.323085168226247e-08,
  "b_scalar": 5.7526853142197965e-09,
  "c_scalar": 1.0499785936535222e-10,
  "closure": {
    "rotation_angle": 2.0943628722795915,
    "k_fold": 3,
    "k_theta_over_2pi": 0.9999846112543106,
    "rationality_error": 1.5388745689404182e-05,
    "is_rational": true,
    "axis_direction": [
      -0.0012030487382726472,
      0.9373334735749104,
      0.34843150257938243
    ],
    "B_tilde_end": [
      1.6177669362156033,
      0.3244397999226483,
      -0.8672293036589466
    ],
    "axial_projection": -7.97719874678915e-06,
    "axial_projection_abs": 7.97719874678915e-06,
    "axial_B_norm": 1.8640058231698338,
    "paper_axial_scalar": null,
    "paper_axial_scalar_abs": null,
    "f_plus_closure_max": 7.854089031654797,
    "f_plus_closure_mean": 3.173176674204687,
    "f_minus_closure_max": 7.837689157703254,
    "f_minus_closure_mean": 3.1682519004907332,
    "euler_plus": {
      "vertices": 6400,
      "edges": 12800,
      "faces": 6400,
      "euler_characteristic": 0,
      "expected": 0,
      "ok": true
    },
    "euler_minus": {
      "vertices": 6400,
      "edges": 12800,
      "faces": 6400,
      "euler_characteristic": 0,
      "expected": 0,
      "ok": true
    },
    "all_ok": true
  },
  "isometry": {
    "E_max_abs_err": 2.2737367544323206e-13,
    "F_max_abs_err": 833.0660805017818,
    "G_max_abs_err": 1297.8251741650402,
    "E_max_rel_err": 2.3136967012966535e-14,
    "F_max_scaled_err": 1.8792866403952293,
    "G_max_rel_err": 2.5712767736668503,
    "metric_max_err": 1297.8251741650402,
    "interior_E_max_abs_err": 1.6342482922482304e-13,
    "interior_F_max_abs_err": 23.520416663328845,
    "interior_G_max_abs_err": 4.214792881039102,
    "interior_E_max_rel_err": 1.9530413344420544e-14,
    "interior_F_max_scaled_err": 1.8792866403952293,
    "interior_G_max_rel_err": 2.5712767736668503,
    "interior_metric_max_err": 23.520416663328845,
    "interior_metric_mean_err": 1.4678523468366975,
    "trim_margin": 8
  },
  "mean_curvature": {
    "H_plus_mean": 0.7525474701953436,
    "H_minus_mean": 0.7325805420356842,
    "max_abs_diff": 16.26183090855712,
    "mean_abs_diff": 0.4301696981841098,
    "interior_max_diff": 10.57591007125919,
    "interior_mean_diff": 0.40818440410966733,
    "trim_margin": 8
  },
  "non_congruence": {
    "procrustes_disparity": 0.5222052749845172,
    "direct_mean_distance": 1.971836155503022,
    "direct_max_distance": 8.417285333640997,
    "scale_ratio": 1.000576017787238,
    "is_non_congruent": true
  },
  "n_vertices": 6400,
  "n_triangles": 12800,
  "n_flux_edges": 13529,
  "resolution": 80,
  "output_files": [
    "rank121_fold3_paper_3fold_bwd_9__anti_h9_p033_eps1e-04_f_plus.obj",
    "rank121_fold3_paper_3fold_bwd_9__anti_h9_p033_eps1e-04_f_minus.obj",
    "rank121_fold3_paper_3fold_bwd_9__anti_h9_p033_eps1e-04_flux.obj",
    "rank121_fold3_paper_3fold_bwd_9__anti_h9_p033_eps1e-04_material.mtl",
    "rank121_fold3_paper_3fold_bwd_9__anti_h9_p033_eps1e-04_metadata.json"
  ],
  "time_seconds": 668.03
}