{
  "name": "rank186_fold3_paper_3fold_bwd_6__hh_h14_p011_eps1e-03",
  "rank": 186,
  "kind": "bonnet_atlas_theorem9",
  "seed_label": "paper_3fold_bwd_6",
  "forcing_label": "hh_h14_p011",
  "forcing_family": "high_harmonic",
  "symmetry_fold": 3,
  "tau_imag": 0.30630578925,
  "delta": 1.9814749262365283,
  "s1": -3.601381552,
  "s2": 0.8995048132404575,
  "epsilon": 0.001,
  "epsilon_bonnet": 0.3,
  "alpha": [
    0.009766508305365915,
    -0.08189100371820762,
    0.2101407397853994
  ],
  "residual_norm": 2.8474952787658505e-05,
  "ratio": 0.9999897906801448,
  "verified_ratio": 0.999980409335781,
  "validation_score": 0.00010571765536440426,
  "b_scalar": 1.7122755351099e-05,
  "c_scalar": -7.773632824474228e-06,
  "closure": {
    "rotation_angle": 2.0943540718020026,
    "k_fold": 3,
    "k_theta_over_2pi": 0.999980409335781,
    "rationality_error": 1.9590664218971376e-05,
    "is_rational": true,
    "axis_direction": [
      -0.00012833301770755816,
      0.9751050259411478,
      0.22174348223781062
    ],
    "B_tilde_end": [
      1.9238301105491857,
      0.24441359772307614,
      -1.0733766534575953
    ],
    "axial_projection": 6.775973403111424e-05,
    "axial_projection_abs": 6.775973403111424e-05,
    "axial_B_norm": 2.216528308232371,
    "paper_axial_scalar": null,
    "paper_axial_scalar_abs": null,
    "f_plus_closure_max": 8.291615855582428,
    "f_plus_closure_mean": 3.5747269095088834,
    "f_minus_closure_max": 8.282905871968682,
    "f_minus_closure_mean": 3.5704037754809312,
    "euler_plus": {
      "vertices": 6400,
      "edges": 12800,
      "faces": 6400,
      "euler_characteristic": 0,
      "expected": 0,
      "ok": true
    },
    "euler_minus": {
      "vertices": 6400,
      "edges": 12800,
      "faces": 6400,
      "euler_characteristic": 0,
      "expected": 0,
      "ok": true
    },
    "all_ok": true
  },
  "isometry": {
    "E_max_abs_err": 3.126388037344441e-13,
    "F_max_abs_err": 1105.5694371287348,
    "G_max_abs_err": 1679.0569862522143,
    "E_max_rel_err": 2.933323766752653e-14,
    "F_max_scaled_err": 1.756976417348816,
    "G_max_rel_err": 2.235162998193166,
    "metric_max_err": 1679.0569862522143,
    "interior_E_max_abs_err": 1.5631940186722204e-13,
    "interior_F_max_abs_err": 14.507541037228332,
    "interior_G_max_abs_err": 3.932338484795558,
    "interior_E_max_rel_err": 1.649244105659528e-14,
    "interior_F_max_scaled_err": 1.756976417348816,
    "interior_G_max_rel_err": 2.235162998193166,
    "interior_metric_max_err": 14.507541037228332,
    "interior_metric_mean_err": 1.4396539931212922,
    "trim_margin": 8
  },
  "mean_curvature": {
    "H_plus_mean": 0.674805391437131,
    "H_minus_mean": 0.6597376119893243,
    "max_abs_diff": 18.206072309394475,
    "mean_abs_diff": 0.3529701121719407,
    "interior_max_diff": 5.514107762099388,
    "interior_mean_diff": 0.30511731263998865,
    "trim_margin": 8
  },
  "non_congruence": {
    "procrustes_disparity": 0.5048454107349352,
    "direct_mean_distance": 2.143295664263539,
    "direct_max_distance": 9.152222200422907,
    "scale_ratio": 1.0005795663852508,
    "is_non_congruent": true
  },
  "n_vertices": 6400,
  "n_triangles": 12800,
  "n_flux_edges": 13529,
  "resolution": 80,
  "output_files": [
    "rank186_fold3_paper_3fold_bwd_6__hh_h14_p011_eps1e-03_f_plus.obj",
    "rank186_fold3_paper_3fold_bwd_6__hh_h14_p011_eps1e-03_f_minus.obj",
    "rank186_fold3_paper_3fold_bwd_6__hh_h14_p011_eps1e-03_flux.obj",
    "rank186_fold3_paper_3fold_bwd_6__hh_h14_p011_eps1e-03_material.mtl",
    "rank186_fold3_paper_3fold_bwd_6__hh_h14_p011_eps1e-03_metadata.json"
  ],
  "time_seconds": 417.5
}