{
  "name": "rank118_fold4_paper_4fold_fwd_0__smooth_h4_p019_eps1e-04",
  "rank": 118,
  "kind": "bonnet_atlas_theorem9",
  "seed_label": "paper_4fold_fwd_0",
  "forcing_label": "smooth_h4_p019",
  "forcing_family": "smooth_low_freq",
  "symmetry_fold": 4,
  "tau_imag": 0.3215128205,
  "delta": 1.6123365623185957,
  "s1": -3.13060628,
  "s2": 0.5289554332828404,
  "epsilon": 0.0001,
  "epsilon_bonnet": 0.3,
  "alpha": [
    0.00931050890622481,
    -0.07521418995413096,
    0.18086589281480933
  ],
  "residual_norm": 1.0395367280346413e-06,
  "ratio": 1.0000004671996963,
  "verified_ratio": 1.0000131734688702,
  "validation_score": 6.007748734223655e-08,
  "b_scalar": -7.362495146011339e-07,
  "c_scalar": 6.853393521091822e-10,
  "closure": {
    "rotation_angle": 1.5708170196314089,
    "k_fold": 4,
    "k_theta_over_2pi": 1.0000131734688702,
    "rationality_error": 1.317346887019788e-05,
    "is_rational": true,
    "axis_direction": [
      0.0028579305686777185,
      0.9972645053740223,
      -0.07386026370093253
    ],
    "B_tilde_end": [
      1.8937937863542171,
      -0.14382389060886097,
      -1.8778910891634617
    ],
    "axial_projection": 0.0006834010710250749,
    "axial_projection_abs": 0.0006834010710250749,
    "axial_B_norm": 2.6708828427138553,
    "paper_axial_scalar": null,
    "paper_axial_scalar_abs": null,
    "f_plus_closure_max": 10.517192851684024,
    "f_plus_closure_mean": 4.454557378225978,
    "f_minus_closure_max": 10.552239284472689,
    "f_minus_closure_mean": 4.454434572823431,
    "euler_plus": {
      "vertices": 6400,
      "edges": 12800,
      "faces": 6400,
      "euler_characteristic": 0,
      "expected": 0,
      "ok": true
    },
    "euler_minus": {
      "vertices": 6400,
      "edges": 12800,
      "faces": 6400,
      "euler_characteristic": 0,
      "expected": 0,
      "ok": true
    },
    "all_ok": true
  },
  "isometry": {
    "E_max_abs_err": 1.1368683772161603e-12,
    "F_max_abs_err": 6509.387466486591,
    "G_max_abs_err": 6255.557742127972,
    "E_max_rel_err": 4.4907682253896027e-14,
    "F_max_scaled_err": 1.6119562063951316,
    "G_max_rel_err": 0.7697716857062161,
    "metric_max_err": 6509.387466486591,
    "interior_E_max_abs_err": 2.5579538487363607e-13,
    "interior_F_max_abs_err": 3.5664080053709144,
    "interior_G_max_abs_err": 1.8906248464194348,
    "interior_E_max_rel_err": 1.758689770144515e-14,
    "interior_F_max_scaled_err": 0.8643441247221318,
    "interior_G_max_rel_err": 0.6652605477539444,
    "interior_metric_max_err": 3.5664080053709144,
    "interior_metric_mean_err": 1.133898521787092,
    "trim_margin": 8
  },
  "mean_curvature": {
    "H_plus_mean": 0.6718903162657469,
    "H_minus_mean": 0.6956609135921518,
    "max_abs_diff": 740.6485241880064,
    "mean_abs_diff": 0.4719612227689426,
    "interior_max_diff": 1.1616204164429056,
    "interior_mean_diff": 0.10377264920483764,
    "trim_margin": 8
  },
  "non_congruence": {
    "procrustes_disparity": 0.3799058225307745,
    "direct_mean_distance": 2.527891732031193,
    "direct_max_distance": 15.106122084625383,
    "scale_ratio": 1.000244626937581,
    "is_non_congruent": true
  },
  "n_vertices": 6400,
  "n_triangles": 12800,
  "n_flux_edges": 13529,
  "resolution": 80,
  "output_files": [
    "rank118_fold4_paper_4fold_fwd_0__smooth_h4_p019_eps1e-04_f_plus.obj",
    "rank118_fold4_paper_4fold_fwd_0__smooth_h4_p019_eps1e-04_f_minus.obj",
    "rank118_fold4_paper_4fold_fwd_0__smooth_h4_p019_eps1e-04_flux.obj",
    "rank118_fold4_paper_4fold_fwd_0__smooth_h4_p019_eps1e-04_material.mtl",
    "rank118_fold4_paper_4fold_fwd_0__smooth_h4_p019_eps1e-04_metadata.json"
  ],
  "time_seconds": 623.01
}