{
  "name": "rank034_fold4_paper_4fold_bwd_16__anti_h11_p043_eps1e-04",
  "rank": 34,
  "kind": "bonnet_atlas_theorem9",
  "seed_label": "paper_4fold_bwd_16",
  "forcing_label": "anti_h11_p043",
  "forcing_family": "anti_reflection",
  "symmetry_fold": 4,
  "tau_imag": 0.27630578925,
  "delta": 1.8746151019052095,
  "s1": -3.13060628,
  "s2": 1.6040432495181718,
  "epsilon": 0.0001,
  "epsilon_bonnet": 0.3,
  "alpha": [
    -0.010184104934434796,
    -0.07346419549380463,
    0.13457427446021672
  ],
  "residual_norm": 7.02788140180002e-11,
  "ratio": 1.0000000000434766,
  "verified_ratio": 0.9999866296346779,
  "validation_score": 6.319899862820334e-10,
  "b_scalar": -1.1402486593814487e-11,
  "c_scalar": 2.940356291780688e-16,
  "closure": {
    "rotation_angle": 1.5707753246741607,
    "k_fold": 4,
    "k_theta_over_2pi": 0.9999866296346779,
    "rationality_error": 1.3370365322118438e-05,
    "is_rational": true,
    "axis_direction": [
      -0.004992653827067684,
      0.8402470834107953,
      0.5421807007146372
    ],
    "B_tilde_end": [
      0.754532434624146,
      0.41224054750617806,
      -0.6320633747522767
    ],
    "axial_projection": -7.576496088512741e-05,
    "axial_projection_abs": 7.576496088512741e-05,
    "axial_B_norm": 1.0671295955090327,
    "paper_axial_scalar": null,
    "paper_axial_scalar_abs": null,
    "f_plus_closure_max": 4.7937963759227955,
    "f_plus_closure_mean": 2.1006777027348207,
    "f_minus_closure_max": 4.773065933265405,
    "f_minus_closure_mean": 2.0955753802615193,
    "euler_plus": {
      "vertices": 6400,
      "edges": 12800,
      "faces": 6400,
      "euler_characteristic": 0,
      "expected": 0,
      "ok": true
    },
    "euler_minus": {
      "vertices": 6400,
      "edges": 12800,
      "faces": 6400,
      "euler_characteristic": 0,
      "expected": 0,
      "ok": true
    },
    "all_ok": true
  },
  "isometry": {
    "E_max_abs_err": 1.7053025658242404e-13,
    "F_max_abs_err": 577.9858746451024,
    "G_max_abs_err": 484.18092793925007,
    "E_max_rel_err": 2.250755998881099e-14,
    "F_max_scaled_err": 1.854415402532359,
    "G_max_rel_err": 3.9013634726311586,
    "metric_max_err": 577.9858746451024,
    "interior_E_max_abs_err": 1.7053025658242404e-13,
    "interior_F_max_abs_err": 18.66274436593213,
    "interior_G_max_abs_err": 11.800170863826224,
    "interior_E_max_rel_err": 2.250755998881099e-14,
    "interior_F_max_scaled_err": 1.854415402532359,
    "interior_G_max_rel_err": 3.9013634726311586,
    "interior_metric_max_err": 18.66274436593213,
    "interior_metric_mean_err": 1.3960945408692407,
    "trim_margin": 8
  },
  "mean_curvature": {
    "H_plus_mean": 0.9587311725804694,
    "H_minus_mean": 0.9360643385922081,
    "max_abs_diff": 137.51120310561828,
    "mean_abs_diff": 0.6239444190944324,
    "interior_max_diff": 15.449739572101203,
    "interior_mean_diff": 0.6150611777834768,
    "trim_margin": 8
  },
  "non_congruence": {
    "procrustes_disparity": 0.5080866186808515,
    "direct_mean_distance": 1.6836065923828059,
    "direct_max_distance": 6.7883139613458,
    "scale_ratio": 1.0005847243529218,
    "is_non_congruent": true
  },
  "n_vertices": 6400,
  "n_triangles": 12800,
  "n_flux_edges": 13529,
  "resolution": 80,
  "output_files": [
    "rank034_fold4_paper_4fold_bwd_16__anti_h11_p043_eps1e-04_f_plus.obj",
    "rank034_fold4_paper_4fold_bwd_16__anti_h11_p043_eps1e-04_f_minus.obj",
    "rank034_fold4_paper_4fold_bwd_16__anti_h11_p043_eps1e-04_flux.obj",
    "rank034_fold4_paper_4fold_bwd_16__anti_h11_p043_eps1e-04_material.mtl",
    "rank034_fold4_paper_4fold_bwd_16__anti_h11_p043_eps1e-04_metadata.json"
  ],
  "time_seconds": 296.89
}