{
  "name": "rank037_fold3_paper_3fold_bwd_8__sym_h12_p013_eps1e-04",
  "rank": 37,
  "kind": "bonnet_atlas_theorem9",
  "seed_label": "paper_3fold_bwd_8",
  "forcing_label": "sym_h12_p013",
  "forcing_family": "symmetry_aware",
  "symmetry_fold": 3,
  "tau_imag": 0.30030578925,
  "delta": 2.0264930489754525,
  "s1": -3.601381552,
  "s2": 1.0060856215666667,
  "epsilon": 0.0001,
  "epsilon_bonnet": 0.3,
  "alpha": [
    0.018606389783460076,
    -0.042326334808863275,
    0.1642645793213702
  ],
  "residual_norm": 1.319918766666744e-09,
  "ratio": 0.9999999994827669,
  "verified_ratio": 0.9999466086982881,
  "validation_score": 7.641299671628557e-10,
  "b_scalar": -7.562985827880286e-10,
  "c_scalar": 9.410874857174178e-16,
  "closure": {
    "rotation_angle": 2.09428327991238,
    "k_fold": 3,
    "k_theta_over_2pi": 0.9999466086982881,
    "rationality_error": 5.339130171189144e-05,
    "is_rational": true,
    "axis_direction": [
      0.0035799117106063093,
      0.9514070684413749,
      0.30791520643179227
    ],
    "B_tilde_end": [
      1.7174399477276827,
      0.2973800153555669,
      -0.9377651315689474
    ],
    "axial_projection": 0.0003255879320351318,
    "axial_projection_abs": 0.0003255879320351318,
    "axial_B_norm": 1.9792519520188094,
    "paper_axial_scalar": null,
    "paper_axial_scalar_abs": null,
    "f_plus_closure_max": 7.594191121248478,
    "f_plus_closure_mean": 3.292066052628575,
    "f_minus_closure_max": 7.619291229414657,
    "f_minus_closure_mean": 3.2940866855275504,
    "euler_plus": {
      "vertices": 6400,
      "edges": 12800,
      "faces": 6400,
      "euler_characteristic": 0,
      "expected": 0,
      "ok": true
    },
    "euler_minus": {
      "vertices": 6400,
      "edges": 12800,
      "faces": 6400,
      "euler_characteristic": 0,
      "expected": 0,
      "ok": true
    },
    "all_ok": true
  },
  "isometry": {
    "E_max_abs_err": 3.126388037344441e-13,
    "F_max_abs_err": 1024.3526450660904,
    "G_max_abs_err": 1485.9036425169143,
    "E_max_rel_err": 3.121311925944396e-14,
    "F_max_scaled_err": 1.8821291656339942,
    "G_max_rel_err": 2.9697772582778215,
    "metric_max_err": 1485.9036425169143,
    "interior_E_max_abs_err": 1.2789769243681803e-13,
    "interior_F_max_abs_err": 7.930280825593231,
    "interior_G_max_abs_err": 9.17471661838914,
    "interior_E_max_rel_err": 1.5731611655788906e-14,
    "interior_F_max_scaled_err": 1.8821291656339942,
    "interior_G_max_rel_err": 2.9697772582778215,
    "interior_metric_max_err": 9.17471661838914,
    "interior_metric_mean_err": 1.4671553417972318,
    "trim_margin": 8
  },
  "mean_curvature": {
    "H_plus_mean": 0.739057356777291,
    "H_minus_mean": 0.7246005996859095,
    "max_abs_diff": 17.86644816653068,
    "mean_abs_diff": 0.4164828959609086,
    "interior_max_diff": 9.970018988916156,
    "interior_mean_diff": 0.39806316860982677,
    "trim_margin": 8
  },
  "non_congruence": {
    "procrustes_disparity": 0.5085305260460046,
    "direct_mean_distance": 2.026283509646613,
    "direct_max_distance": 8.61791121037931,
    "scale_ratio": 1.0004552514452472,
    "is_non_congruent": true
  },
  "n_vertices": 6400,
  "n_triangles": 12800,
  "n_flux_edges": 13529,
  "resolution": 80,
  "output_files": [
    "rank037_fold3_paper_3fold_bwd_8__sym_h12_p013_eps1e-04_f_plus.obj",
    "rank037_fold3_paper_3fold_bwd_8__sym_h12_p013_eps1e-04_f_minus.obj",
    "rank037_fold3_paper_3fold_bwd_8__sym_h12_p013_eps1e-04_flux.obj",
    "rank037_fold3_paper_3fold_bwd_8__sym_h12_p013_eps1e-04_material.mtl",
    "rank037_fold3_paper_3fold_bwd_8__sym_h12_p013_eps1e-04_metadata.json"
  ],
  "time_seconds": 483.62
}