{
  "name": "rank104_fold3_paper_3fold_bwd_8__sym_h12_p013_eps1e-03",
  "rank": 104,
  "kind": "bonnet_atlas_theorem9",
  "seed_label": "paper_3fold_bwd_8",
  "forcing_label": "sym_h12_p013",
  "forcing_family": "symmetry_aware",
  "symmetry_fold": 3,
  "tau_imag": 0.30030578925,
  "delta": 2.0264930489754525,
  "s1": -3.601381552,
  "s2": 1.0060856215666667,
  "epsilon": 0.001,
  "epsilon_bonnet": 0.3,
  "alpha": [
    0.018616374822495958,
    -0.04232410170996141,
    0.1643085745394603
  ],
  "residual_norm": 3.948950105510688e-06,
  "ratio": 0.9999999160290995,
  "verified_ratio": 0.9999465809774305,
  "validation_score": 3.215557213243423e-08,
  "b_scalar": -3.945031233666685e-06,
  "c_scalar": -2.5301786325815367e-09,
  "closure": {
    "rotation_angle": 2.094283221853951,
    "k_fold": 3,
    "k_theta_over_2pi": 0.9999465809774305,
    "rationality_error": 5.341902256950082e-05,
    "is_rational": true,
    "axis_direction": [
      0.0035829840314497035,
      0.9514071277125706,
      0.3079149875584926
    ],
    "B_tilde_end": [
      1.7174394036911773,
      0.29737797474725153,
      -0.9377627165227168
    ],
    "axial_projection": 0.00032988756676133324,
    "axial_projection_abs": 0.00032988756676133324,
    "axial_B_norm": 1.9792500291059614,
    "paper_axial_scalar": null,
    "paper_axial_scalar_abs": null,
    "f_plus_closure_max": 7.594178395439619,
    "f_plus_closure_mean": 3.292064176482679,
    "f_minus_closure_max": 7.619303171012606,
    "f_minus_closure_mean": 3.2940882322196527,
    "euler_plus": {
      "vertices": 6400,
      "edges": 12800,
      "faces": 6400,
      "euler_characteristic": 0,
      "expected": 0,
      "ok": true
    },
    "euler_minus": {
      "vertices": 6400,
      "edges": 12800,
      "faces": 6400,
      "euler_characteristic": 0,
      "expected": 0,
      "ok": true
    },
    "all_ok": true
  },
  "isometry": {
    "E_max_abs_err": 2.8421709430404007e-13,
    "F_max_abs_err": 1024.3554441934277,
    "G_max_abs_err": 1486.0211406004291,
    "E_max_rel_err": 3.529333478230407e-14,
    "F_max_scaled_err": 1.8821189121626416,
    "G_max_rel_err": 2.967362603554559,
    "metric_max_err": 1486.0211406004291,
    "interior_E_max_abs_err": 1.4210854715202004e-13,
    "interior_F_max_abs_err": 7.930100056946764,
    "interior_G_max_abs_err": 9.180708985381642,
    "interior_E_max_rel_err": 1.8647907288509754e-14,
    "interior_F_max_scaled_err": 1.8821189121626416,
    "interior_G_max_rel_err": 2.967362603554559,
    "interior_metric_max_err": 9.180708985381642,
    "interior_metric_mean_err": 1.4670426090954958,
    "trim_margin": 8
  },
  "mean_curvature": {
    "H_plus_mean": 0.7390029872675086,
    "H_minus_mean": 0.724588546102539,
    "max_abs_diff": 17.866426201435555,
    "mean_abs_diff": 0.41648383894645424,
    "interior_max_diff": 9.941858530821541,
    "interior_mean_diff": 0.39808461543732565,
    "trim_margin": 8
  },
  "non_congruence": {
    "procrustes_disparity": 0.5085313184535621,
    "direct_mean_distance": 2.02628324675721,
    "direct_max_distance": 8.61791121037931,
    "scale_ratio": 1.0004553861103769,
    "is_non_congruent": true
  },
  "n_vertices": 6400,
  "n_triangles": 12800,
  "n_flux_edges": 13529,
  "resolution": 80,
  "output_files": [
    "rank104_fold3_paper_3fold_bwd_8__sym_h12_p013_eps1e-03_f_plus.obj",
    "rank104_fold3_paper_3fold_bwd_8__sym_h12_p013_eps1e-03_f_minus.obj",
    "rank104_fold3_paper_3fold_bwd_8__sym_h12_p013_eps1e-03_flux.obj",
    "rank104_fold3_paper_3fold_bwd_8__sym_h12_p013_eps1e-03_material.mtl",
    "rank104_fold3_paper_3fold_bwd_8__sym_h12_p013_eps1e-03_metadata.json"
  ],
  "time_seconds": 326.11
}