{
  "name": "rank100_fold3_paper_3fold_bwd_7__sym_h12_p013_eps3e-04",
  "rank": 100,
  "kind": "bonnet_atlas_theorem9",
  "seed_label": "paper_3fold_bwd_7",
  "forcing_label": "sym_h12_p013",
  "forcing_family": "symmetry_aware",
  "symmetry_fold": 3,
  "tau_imag": 0.30330578925,
  "delta": 2.0033827164897864,
  "s1": -3.601381552,
  "s2": 0.9540523754072844,
  "epsilon": 0.00025,
  "epsilon_bonnet": 0.3,
  "alpha": [
    0.017735785961384157,
    -0.04443911259706084,
    0.16296548594205812
  ],
  "residual_norm": 1.9283017735423393e-06,
  "ratio": 0.9999996351371944,
  "verified_ratio": 0.9999539694404255,
  "validation_score": 2.9234709793458924e-08,
  "b_scalar": -1.7133836522909007e-06,
  "c_scalar": -4.4578494613409236e-07,
  "closure": {
    "rotation_angle": 2.094298696214662,
    "k_fold": 3,
    "k_theta_over_2pi": 0.9999539694404255,
    "rationality_error": 4.603055957452806e-05,
    "is_rational": true,
    "axis_direction": [
      0.0033925244495719726,
      0.964012761889336,
      0.26583432000468543
    ],
    "B_tilde_end": [
      1.8187217005567233,
      0.27145269324864113,
      -1.0062351354551817
    ],
    "axial_projection": 0.0003620853784762623,
    "axial_projection_abs": 0.0003620853784762623,
    "axial_B_norm": 2.096173737210823,
    "paper_axial_scalar": null,
    "paper_axial_scalar_abs": null,
    "f_plus_closure_max": 7.89023630964433,
    "f_plus_closure_mean": 3.419451968413431,
    "f_minus_closure_max": 7.915210083076161,
    "f_minus_closure_mean": 3.4211342259221227,
    "euler_plus": {
      "vertices": 6400,
      "edges": 12800,
      "faces": 6400,
      "euler_characteristic": 0,
      "expected": 0,
      "ok": true
    },
    "euler_minus": {
      "vertices": 6400,
      "edges": 12800,
      "faces": 6400,
      "euler_characteristic": 0,
      "expected": 0,
      "ok": true
    },
    "all_ok": true
  },
  "isometry": {
    "E_max_abs_err": 3.694822225952521e-13,
    "F_max_abs_err": 1055.4046677804788,
    "G_max_abs_err": 1613.219456250681,
    "E_max_rel_err": 2.6317723528525174e-14,
    "F_max_scaled_err": 1.8319864073788126,
    "G_max_rel_err": 2.4736909011349404,
    "metric_max_err": 1613.219456250681,
    "interior_E_max_abs_err": 1.2789769243681803e-13,
    "interior_F_max_abs_err": 9.100891722262753,
    "interior_G_max_abs_err": 6.1467701895652525,
    "interior_E_max_rel_err": 1.852272917683806e-14,
    "interior_F_max_scaled_err": 1.8319864073788126,
    "interior_G_max_rel_err": 2.4736909011349404,
    "interior_metric_max_err": 9.100891722262753,
    "interior_metric_mean_err": 1.4485331673540218,
    "trim_margin": 8
  },
  "mean_curvature": {
    "H_plus_mean": 0.7019456674092501,
    "H_minus_mean": 0.6896709867870671,
    "max_abs_diff": 18.064989232501745,
    "mean_abs_diff": 0.3742555013766995,
    "interior_max_diff": 6.100617868140991,
    "interior_mean_diff": 0.34073538439491213,
    "trim_margin": 8
  },
  "non_congruence": {
    "procrustes_disparity": 0.5097024423030628,
    "direct_mean_distance": 2.0831947739189207,
    "direct_max_distance": 8.859741478666525,
    "scale_ratio": 1.0004516724658852,
    "is_non_congruent": true
  },
  "n_vertices": 6400,
  "n_triangles": 12800,
  "n_flux_edges": 13529,
  "resolution": 80,
  "output_files": [
    "rank100_fold3_paper_3fold_bwd_7__sym_h12_p013_eps3e-04_f_plus.obj",
    "rank100_fold3_paper_3fold_bwd_7__sym_h12_p013_eps3e-04_f_minus.obj",
    "rank100_fold3_paper_3fold_bwd_7__sym_h12_p013_eps3e-04_flux.obj",
    "rank100_fold3_paper_3fold_bwd_7__sym_h12_p013_eps3e-04_material.mtl",
    "rank100_fold3_paper_3fold_bwd_7__sym_h12_p013_eps3e-04_metadata.json"
  ],
  "time_seconds": 483.25
}