{
  "name": "rank001_fold4_paper_4fold_bwd_6__anti_h9_p033_eps3e-04",
  "rank": 1,
  "kind": "bonnet_atlas_theorem9",
  "seed_label": "paper_4fold_bwd_6",
  "forcing_label": "anti_h9_p033",
  "forcing_family": "anti_reflection",
  "symmetry_fold": 4,
  "tau_imag": 0.30630578925,
  "delta": 1.6681155066416105,
  "s1": -3.13060628,
  "s2": 0.9762101266467138,
  "epsilon": 0.00025,
  "epsilon_bonnet": 0.3,
  "alpha": [
    -0.00760896594259361,
    -0.07210979614331835,
    0.08983342623045984
  ],
  "residual_norm": 3.9141861534642303e-11,
  "ratio": 1.0000000000056979,
  "verified_ratio": 0.9999960453894295,
  "validation_score": 5.1020172694036734e-11,
  "b_scalar": -3.8121988205075397e-11,
  "c_scalar": -6.028164079019405e-17,
  "closure": {
    "rotation_angle": 1.5707901149071386,
    "k_fold": 4,
    "k_theta_over_2pi": 0.9999960453894295,
    "rationality_error": 3.954610570455763e-06,
    "is_rational": true,
    "axis_direction": [
      -0.0060042848615832565,
      0.9865366950480442,
      0.16342979497932242
    ],
    "B_tilde_end": [
      1.2964056240746966,
      0.21911988149747333,
      -1.274567676934094
    ],
    "axial_projection": 8.348092012311348e-05,
    "axial_projection_abs": 8.348092012311348e-05,
    "axial_B_norm": 1.8311755316422136,
    "paper_axial_scalar": null,
    "paper_axial_scalar_abs": null,
    "f_plus_closure_max": 5.622583256330754,
    "f_plus_closure_mean": 2.7906577241417008,
    "f_minus_closure_max": 5.585493447289829,
    "f_minus_closure_mean": 2.783095486189211,
    "euler_plus": {
      "vertices": 6400,
      "edges": 12800,
      "faces": 6400,
      "euler_characteristic": 0,
      "expected": 0,
      "ok": true
    },
    "euler_minus": {
      "vertices": 6400,
      "edges": 12800,
      "faces": 6400,
      "euler_characteristic": 0,
      "expected": 0,
      "ok": true
    },
    "all_ok": true
  },
  "isometry": {
    "E_max_abs_err": 2.1316282072803006e-13,
    "F_max_abs_err": 981.8257611189058,
    "G_max_abs_err": 1001.7576738805219,
    "E_max_rel_err": 2.2323656185308423e-14,
    "F_max_scaled_err": 1.511990797485113,
    "G_max_rel_err": 1.7703878261827706,
    "metric_max_err": 1001.7576738805219,
    "interior_E_max_abs_err": 1.0658141036401503e-13,
    "interior_F_max_abs_err": 8.280679848082602,
    "interior_G_max_abs_err": 3.4172053418513286,
    "interior_E_max_rel_err": 1.1445442520515498e-14,
    "interior_F_max_scaled_err": 1.511990797485113,
    "interior_G_max_rel_err": 1.7703878261827706,
    "interior_metric_max_err": 8.280679848082602,
    "interior_metric_mean_err": 1.2624143942230437,
    "trim_margin": 8
  },
  "mean_curvature": {
    "H_plus_mean": 0.7099903348064887,
    "H_minus_mean": 0.7035196719314933,
    "max_abs_diff": 117.37870779614948,
    "mean_abs_diff": 0.3899898705621675,
    "interior_max_diff": 3.6348646110042737,
    "interior_mean_diff": 0.2900094491454771,
    "trim_margin": 8
  },
  "non_congruence": {
    "procrustes_disparity": 0.510030024574155,
    "direct_mean_distance": 2.073685123756404,
    "direct_max_distance": 8.036761609883914,
    "scale_ratio": 1.0003483708796463,
    "is_non_congruent": true
  },
  "n_vertices": 6400,
  "n_triangles": 12800,
  "n_flux_edges": 13529,
  "resolution": 80,
  "output_files": [
    "rank001_fold4_paper_4fold_bwd_6__anti_h9_p033_eps3e-04_f_plus.obj",
    "rank001_fold4_paper_4fold_bwd_6__anti_h9_p033_eps3e-04_f_minus.obj",
    "rank001_fold4_paper_4fold_bwd_6__anti_h9_p033_eps3e-04_flux.obj",
    "rank001_fold4_paper_4fold_bwd_6__anti_h9_p033_eps3e-04_material.mtl",
    "rank001_fold4_paper_4fold_bwd_6__anti_h9_p033_eps3e-04_metadata.json"
  ],
  "time_seconds": 293.9
}