{
  "name": "rank188_fold4_paper_4fold_bwd_2__anti_h9_p033_eps1e-03",
  "rank": 188,
  "kind": "bonnet_atlas_theorem9",
  "seed_label": "paper_4fold_bwd_2",
  "forcing_label": "anti_h9_p033",
  "forcing_family": "anti_reflection",
  "symmetry_fold": 4,
  "tau_imag": 0.3167003205,
  "delta": 1.620353197925139,
  "s1": -3.13060628,
  "s2": 0.6919275956217829,
  "epsilon": 0.001,
  "epsilon_bonnet": 0.3,
  "alpha": [
    -0.003486440785819687,
    -0.07917696415912776,
    0.10842908835530363
  ],
  "residual_norm": 1.4803530985898824e-09,
  "ratio": 0.9999999990990741,
  "verified_ratio": 0.9999996236623434,
  "validation_score": 0.00011619217336218511,
  "b_scalar": 4.555092206204314e-10,
  "c_scalar": 9.538377032658474e-15,
  "closure": {
    "rotation_angle": 1.570795735645088,
    "k_fold": 4,
    "k_theta_over_2pi": 0.9999996236623434,
    "rationality_error": 3.7633765659350615e-07,
    "is_rational": true,
    "axis_direction": [
      -0.005759091990874396,
      0.999981454324774,
      -0.0019808750466366125
    ],
    "B_tilde_end": [
      1.642355894067738,
      0.006390974744284696,
      -1.6346116127136274
    ],
    "axial_projection": 0.00017033889821869899,
    "axial_projection_abs": 0.00017033889821869899,
    "axial_B_norm": 2.31718122980389,
    "paper_axial_scalar": null,
    "paper_axial_scalar_abs": null,
    "f_plus_closure_max": 7.064147759092143,
    "f_plus_closure_mean": 3.594874173456963,
    "f_minus_closure_max": 7.011766397884425,
    "f_minus_closure_mean": 3.585256977447446,
    "euler_plus": {
      "vertices": 6400,
      "edges": 12800,
      "faces": 6400,
      "euler_characteristic": 0,
      "expected": 0,
      "ok": true
    },
    "euler_minus": {
      "vertices": 6400,
      "edges": 12800,
      "faces": 6400,
      "euler_characteristic": 0,
      "expected": 0,
      "ok": true
    },
    "all_ok": true
  },
  "isometry": {
    "E_max_abs_err": 4.547473508864641e-13,
    "F_max_abs_err": 2502.708607854537,
    "G_max_abs_err": 2390.062475753083,
    "E_max_rel_err": 3.1842111685313355e-14,
    "F_max_scaled_err": 1.5637930782392333,
    "G_max_rel_err": 1.4174634318926398,
    "metric_max_err": 2502.708607854537,
    "interior_E_max_abs_err": 1.5631940186722204e-13,
    "interior_F_max_abs_err": 3.7574741797659645,
    "interior_G_max_abs_err": 3.766917799662867,
    "interior_E_max_rel_err": 1.449503981200651e-14,
    "interior_F_max_scaled_err": 1.205924785520042,
    "interior_G_max_rel_err": 1.4174634318926398,
    "interior_metric_max_err": 3.766917799662867,
    "interior_metric_mean_err": 1.3423749825243225,
    "trim_margin": 8
  },
  "mean_curvature": {
    "H_plus_mean": 0.633977079564075,
    "H_minus_mean": 0.628563348579017,
    "max_abs_diff": 102.08421204991761,
    "mean_abs_diff": 0.3424535134284804,
    "interior_max_diff": 1.9683455961193626,
    "interior_mean_diff": 0.1765470936042024,
    "trim_margin": 8
  },
  "non_congruence": {
    "procrustes_disparity": 0.41184094407653726,
    "direct_mean_distance": 2.3304691642883553,
    "direct_max_distance": 10.782910051195367,
    "scale_ratio": 1.0002697481779663,
    "is_non_congruent": true
  },
  "n_vertices": 6400,
  "n_triangles": 12800,
  "n_flux_edges": 13529,
  "resolution": 80,
  "output_files": [
    "rank188_fold4_paper_4fold_bwd_2__anti_h9_p033_eps1e-03_f_plus.obj",
    "rank188_fold4_paper_4fold_bwd_2__anti_h9_p033_eps1e-03_f_minus.obj",
    "rank188_fold4_paper_4fold_bwd_2__anti_h9_p033_eps1e-03_flux.obj",
    "rank188_fold4_paper_4fold_bwd_2__anti_h9_p033_eps1e-03_material.mtl",
    "rank188_fold4_paper_4fold_bwd_2__anti_h9_p033_eps1e-03_metadata.json"
  ],
  "time_seconds": 462.52
}