{
  "k": 250,
  "palette": "Jade",
  "tau_imag": 0.3205128205,
  "s1": -8.5,
  "delta": 0.446337,
  "s2": 7.229097,
  "theta_deg": 1.44,
  "epsilon": 0.3,
  "resolution": 120,
  "n_vertices": 14400,
  "n_triangles": 28800,
  "n_flux_edges": 30400,
  "time_seconds": 135.1,
  "omega": 0.38901804758715763,
  "asymptotic_formula": "delta(k) = 7.0814165/sqrt(k) * (1 - 0.85766/k + 0.75/k^2)",
  "asymptotic_prediction": 0.446337,
  "actual_delta": 0.446337,
  "bbox_plus": {
    "min": [
      -3.2491696751261507,
      -2.7278400524459987,
      -6.851894724794098
    ],
    "max": [
      1.6276921337303052,
      4.192493538180626,
      0.07322858939675513
    ]
  },
  "bbox_minus": {
    "min": [
      -1.622182344244646,
      -2.725735069902944,
      -6.7571021768050965
    ],
    "max": [
      3.407126008784484,
      4.194368345387387,
      0.06177912853320104
    ]
  },
  "color_scheme": {
    "name": "Jade",
    "hue_range": [
      0.38,
      0.48
    ],
    "mtl_kd_plus": [
      0.15,
      0.78,
      0.52
    ],
    "mtl_kd_minus": [
      0.1,
      0.58,
      0.38
    ]
  },
  "files": [
    "k250_f_plus.obj",
    "k250_f_minus.obj",
    "k250_material.mtl",
    "k250_flux.obj"
  ]
}