{
  "name": "rank044_fold4_paper_4fold_bwd_14__sym_h12_p013_eps8e-04",
  "rank": 44,
  "kind": "bonnet_atlas_theorem9",
  "seed_label": "paper_4fold_bwd_14",
  "forcing_label": "sym_h12_p013",
  "forcing_family": "symmetry_aware",
  "symmetry_fold": 4,
  "tau_imag": 0.28230578925,
  "delta": 1.8270324345594307,
  "s1": -3.13060628,
  "s2": 1.4917651919378259,
  "epsilon": 0.00075,
  "epsilon_bonnet": 0.3,
  "alpha": [
    -0.042593239479633754,
    -0.07985763035622667,
    -0.049077403911783384
  ],
  "residual_norm": 5.793702638456106e-11,
  "ratio": 0.9999999999684889,
  "verified_ratio": 0.9999895162667716,
  "validation_score": 9.303265659664021e-10,
  "b_scalar": -3.127823347548464e-11,
  "c_scalar": -1.3383391617161067e-14,
  "closure": {
    "rotation_angle": 1.5707798589852502,
    "k_fold": 4,
    "k_theta_over_2pi": 0.9999895162667716,
    "rationality_error": 1.0483733228427994e-05,
    "is_rational": true,
    "axis_direction": [
      -0.011569416442385136,
      0.8776316833458876,
      0.4791959692971618
    ],
    "B_tilde_end": [
      0.8299127505609143,
      0.4089610019055161,
      -0.7289111093497915
    ],
    "axial_projection": 2.4260726731506477e-05,
    "axial_projection_abs": 2.4260726731506477e-05,
    "axial_B_norm": 1.1778436568393489,
    "paper_axial_scalar": null,
    "paper_axial_scalar_abs": null,
    "f_plus_closure_max": 4.869473459803288,
    "f_plus_closure_mean": 2.1666493617646956,
    "f_minus_closure_max": 4.821143936423661,
    "f_minus_closure_mean": 2.156852812866185,
    "euler_plus": {
      "vertices": 6400,
      "edges": 12800,
      "faces": 6400,
      "euler_characteristic": 0,
      "expected": 0,
      "ok": true
    },
    "euler_minus": {
      "vertices": 6400,
      "edges": 12800,
      "faces": 6400,
      "euler_characteristic": 0,
      "expected": 0,
      "ok": true
    },
    "all_ok": true
  },
  "isometry": {
    "E_max_abs_err": 1.7053025658242404e-13,
    "F_max_abs_err": 556.1635356866615,
    "G_max_abs_err": 619.5061933444249,
    "E_max_rel_err": 2.2447106848253014e-14,
    "F_max_scaled_err": 1.8403665441736992,
    "G_max_rel_err": 3.352715027541683,
    "metric_max_err": 619.5061933444249,
    "interior_E_max_abs_err": 1.4210854715202004e-13,
    "interior_F_max_abs_err": 10.41715998970956,
    "interior_G_max_abs_err": 6.980041328258295,
    "interior_E_max_rel_err": 2.2447106848253014e-14,
    "interior_F_max_scaled_err": 1.8403665441736992,
    "interior_G_max_rel_err": 3.352715027541683,
    "interior_metric_max_err": 10.41715998970956,
    "interior_metric_mean_err": 1.2503175773660673,
    "trim_margin": 8
  },
  "mean_curvature": {
    "H_plus_mean": 0.8911676568374429,
    "H_minus_mean": 0.8980960107412389,
    "max_abs_diff": 160.38964817857374,
    "mean_abs_diff": 0.5903952403619228,
    "interior_max_diff": 12.99833434594014,
    "interior_mean_diff": 0.5638280189395787,
    "trim_margin": 8
  },
  "non_congruence": {
    "procrustes_disparity": 0.5225382208169282,
    "direct_mean_distance": 1.7401238366626495,
    "direct_max_distance": 6.61244344394431,
    "scale_ratio": 0.9999113071559947,
    "is_non_congruent": true
  },
  "n_vertices": 6400,
  "n_triangles": 12800,
  "n_flux_edges": 13529,
  "resolution": 80,
  "output_files": [
    "rank044_fold4_paper_4fold_bwd_14__sym_h12_p013_eps8e-04_f_plus.obj",
    "rank044_fold4_paper_4fold_bwd_14__sym_h12_p013_eps8e-04_f_minus.obj",
    "rank044_fold4_paper_4fold_bwd_14__sym_h12_p013_eps8e-04_flux.obj",
    "rank044_fold4_paper_4fold_bwd_14__sym_h12_p013_eps8e-04_material.mtl",
    "rank044_fold4_paper_4fold_bwd_14__sym_h12_p013_eps8e-04_metadata.json"
  ],
  "time_seconds": 364.71
}