{
  "name": "rank174_fold4_paper_4fold_bwd_1__smooth_h4_p019_eps5e-04",
  "rank": 174,
  "kind": "bonnet_atlas_theorem9",
  "seed_label": "paper_4fold_bwd_1",
  "forcing_label": "smooth_h4_p019",
  "forcing_family": "smooth_low_freq",
  "symmetry_fold": 4,
  "tau_imag": 0.31826282050000004,
  "delta": 1.6160043829605861,
  "s1": -3.13060628,
  "s2": 0.64229967947852,
  "epsilon": 0.0005,
  "epsilon_bonnet": 0.3,
  "alpha": [
    0.00024931035399525003,
    -0.08109232758340833,
    0.13369170038554015
  ],
  "residual_norm": 7.249134512256195e-05,
  "ratio": 1.0000095816261165,
  "verified_ratio": 1.0000102769564492,
  "validation_score": 5.443838029449536e-05,
  "b_scalar": 7.006991646209965e-05,
  "c_scalar": 1.0893846063274228e-05,
  "closure": {
    "rotation_angle": 1.5708124698003376,
    "k_fold": 4,
    "k_theta_over_2pi": 1.0000102769564492,
    "rationality_error": 1.0276956449173369e-05,
    "is_rational": true,
    "axis_direction": [
      -0.0040654894974516765,
      0.9996408659235104,
      -0.026487940101872734
    ],
    "B_tilde_end": [
      1.7133319684170099,
      -0.03807310735770662,
      -1.7037553444332658
    ],
    "axial_projection": 0.00010400238088971447,
    "axial_projection_abs": 0.00010400238088971447,
    "axial_B_norm": 2.416555041621956,
    "paper_axial_scalar": null,
    "paper_axial_scalar_abs": null,
    "f_plus_closure_max": 7.793554160245804,
    "f_plus_closure_mean": 3.808815074695893,
    "f_minus_closure_max": 7.7534007981344795,
    "f_minus_closure_mean": 3.8006072011315437,
    "euler_plus": {
      "vertices": 6400,
      "edges": 12800,
      "faces": 6400,
      "euler_characteristic": 0,
      "expected": 0,
      "ok": true
    },
    "euler_minus": {
      "vertices": 6400,
      "edges": 12800,
      "faces": 6400,
      "euler_characteristic": 0,
      "expected": 0,
      "ok": true
    },
    "all_ok": true
  },
  "isometry": {
    "E_max_abs_err": 4.547473508864641e-13,
    "F_max_abs_err": 3174.4367886504715,
    "G_max_abs_err": 2964.7552956076315,
    "E_max_rel_err": 3.3616260480249827e-14,
    "F_max_scaled_err": 1.5791582321691195,
    "G_max_rel_err": 1.1499635220380962,
    "metric_max_err": 3174.4367886504715,
    "interior_E_max_abs_err": 1.9895196601282805e-13,
    "interior_F_max_abs_err": 3.639409042340877,
    "interior_G_max_abs_err": 3.054788144034198,
    "interior_E_max_rel_err": 1.8259019157715142e-14,
    "interior_F_max_scaled_err": 1.103550571320009,
    "interior_G_max_rel_err": 1.1499635220380962,
    "interior_metric_max_err": 3.639409042340877,
    "interior_metric_mean_err": 1.2814198764769575,
    "trim_margin": 8
  },
  "mean_curvature": {
    "H_plus_mean": 0.623452964947805,
    "H_minus_mean": 0.6179880279316126,
    "max_abs_diff": 85.07827885407556,
    "mean_abs_diff": 0.3293538747324006,
    "interior_max_diff": 1.6098267693175197,
    "interior_mean_diff": 0.1510221218829902,
    "trim_margin": 8
  },
  "non_congruence": {
    "procrustes_disparity": 0.40290078129817947,
    "direct_mean_distance": 2.3849038418830504,
    "direct_max_distance": 11.711103657033824,
    "scale_ratio": 1.0002835456396735,
    "is_non_congruent": true
  },
  "n_vertices": 6400,
  "n_triangles": 12800,
  "n_flux_edges": 13529,
  "resolution": 80,
  "output_files": [
    "rank174_fold4_paper_4fold_bwd_1__smooth_h4_p019_eps5e-04_f_plus.obj",
    "rank174_fold4_paper_4fold_bwd_1__smooth_h4_p019_eps5e-04_f_minus.obj",
    "rank174_fold4_paper_4fold_bwd_1__smooth_h4_p019_eps5e-04_flux.obj",
    "rank174_fold4_paper_4fold_bwd_1__smooth_h4_p019_eps5e-04_material.mtl",
    "rank174_fold4_paper_4fold_bwd_1__smooth_h4_p019_eps5e-04_metadata.json"
  ],
  "time_seconds": 557.96
}