{
  "name": "rank160_fold4_paper_4fold_bwd_3__anti_h9_p033_eps8e-04",
  "rank": 160,
  "kind": "bonnet_atlas_theorem9",
  "seed_label": "paper_4fold_bwd_3",
  "forcing_label": "anti_h9_p033",
  "forcing_family": "anti_reflection",
  "symmetry_fold": 4,
  "tau_imag": 0.3147471955,
  "delta": 1.6272780765320078,
  "s1": -3.13060628,
  "s2": 0.7506854736846515,
  "epsilon": 0.00075,
  "epsilon_bonnet": 0.3,
  "alpha": [
    9.918981547797035e-05,
    -0.07510201525088846,
    0.12513853382597723
  ],
  "residual_norm": 1.764256468354075e-06,
  "ratio": 1.0000011181908186,
  "verified_ratio": 0.9999997995899796,
  "validation_score": 2.5231613146196968e-05,
  "b_scalar": -1.6568402762262568e-07,
  "c_scalar": -4.837513909415614e-10,
  "closure": {
    "rotation_angle": 1.5707960119915727,
    "k_fold": 4,
    "k_theta_over_2pi": 0.9999997995899796,
    "rationality_error": 2.0041002035675604e-07,
    "is_rational": true,
    "axis_direction": [
      -0.004136394428312935,
      0.9995433111911369,
      0.029934249517758128
    ],
    "B_tilde_end": [
      1.5646298499370337,
      0.05323765874078798,
      -1.5567983316639746
    ],
    "axial_projection": 0.00013982979532034534,
    "axial_projection_abs": 0.00013982979532034534,
    "axial_B_norm": 2.207831936786385,
    "paper_axial_scalar": null,
    "paper_axial_scalar_abs": null,
    "f_plus_closure_max": 6.903119992165795,
    "f_plus_closure_mean": 3.3776193327763324,
    "f_minus_closure_max": 6.860768953145299,
    "f_minus_closure_mean": 3.3704480352572745,
    "euler_plus": {
      "vertices": 6400,
      "edges": 12800,
      "faces": 6400,
      "euler_characteristic": 0,
      "expected": 0,
      "ok": true
    },
    "euler_minus": {
      "vertices": 6400,
      "edges": 12800,
      "faces": 6400,
      "euler_characteristic": 0,
      "expected": 0,
      "ok": true
    },
    "all_ok": true
  },
  "isometry": {
    "E_max_abs_err": 4.547473508864641e-13,
    "F_max_abs_err": 1852.427200893419,
    "G_max_abs_err": 1805.1817231661544,
    "E_max_rel_err": 2.6477450055103527e-14,
    "F_max_scaled_err": 1.4810787319149827,
    "G_max_rel_err": 1.1500444226330138,
    "metric_max_err": 1852.427200893419,
    "interior_E_max_abs_err": 1.2079226507921703e-13,
    "interior_F_max_abs_err": 5.62762420194321,
    "interior_G_max_abs_err": 2.581715124787504,
    "interior_E_max_rel_err": 1.3061840936112697e-14,
    "interior_F_max_scaled_err": 1.214614758418083,
    "interior_G_max_rel_err": 1.1500444226330138,
    "interior_metric_max_err": 5.62762420194321,
    "interior_metric_mean_err": 1.214614599125701,
    "trim_margin": 8
  },
  "mean_curvature": {
    "H_plus_mean": 0.6392472379667861,
    "H_minus_mean": 0.6331339328240523,
    "max_abs_diff": 96.94145646730617,
    "mean_abs_diff": 0.32965371501189894,
    "interior_max_diff": 1.977981452579653,
    "interior_mean_diff": 0.1869290269861647,
    "trim_margin": 8
  },
  "non_congruence": {
    "procrustes_disparity": 0.4540488326368623,
    "direct_mean_distance": 2.271753811114585,
    "direct_max_distance": 9.922814404181134,
    "scale_ratio": 1.0003464682463221,
    "is_non_congruent": true
  },
  "n_vertices": 6400,
  "n_triangles": 12800,
  "n_flux_edges": 13529,
  "resolution": 80,
  "output_files": [
    "rank160_fold4_paper_4fold_bwd_3__anti_h9_p033_eps8e-04_f_plus.obj",
    "rank160_fold4_paper_4fold_bwd_3__anti_h9_p033_eps8e-04_f_minus.obj",
    "rank160_fold4_paper_4fold_bwd_3__anti_h9_p033_eps8e-04_flux.obj",
    "rank160_fold4_paper_4fold_bwd_3__anti_h9_p033_eps8e-04_material.mtl",
    "rank160_fold4_paper_4fold_bwd_3__anti_h9_p033_eps8e-04_metadata.json"
  ],
  "time_seconds": 333.92
}