{
  "k": 500,
  "palette": "Sapphire",
  "tau_imag": 0.3205128205,
  "s1": -8.5,
  "delta": 0.316148,
  "s2": 7.276017,
  "theta_deg": 0.72,
  "epsilon": 0.3,
  "resolution": 120,
  "n_vertices": 14400,
  "n_triangles": 28800,
  "n_flux_edges": 30400,
  "time_seconds": 134.4,
  "omega": 0.38901804758715763,
  "asymptotic_formula": "delta(k) = 7.0814165/sqrt(k) * (1 - 0.85766/k + 0.75/k^2)",
  "asymptotic_prediction": 0.316148,
  "actual_delta": 0.316148,
  "bbox_plus": {
    "min": [
      -3.1466622980488452,
      -2.66143299723947,
      -6.699659555569213
    ],
    "max": [
      1.6156024250189411,
      4.132206918669515,
      0.06044966271869047
    ]
  },
  "bbox_minus": {
    "min": [
      -1.6129478783302706,
      -2.6603822747762376,
      -6.652116139209086
    ],
    "max": [
      3.22582659032724,
      4.133143068577869,
      0.0547328548195153
    ]
  },
  "color_scheme": {
    "name": "Sapphire",
    "hue_range": [
      0.56,
      0.66
    ],
    "mtl_kd_plus": [
      0.1,
      0.38,
      0.88
    ],
    "mtl_kd_minus": [
      0.06,
      0.25,
      0.68
    ]
  },
  "files": [
    "k500_f_plus.obj",
    "k500_f_minus.obj",
    "k500_material.mtl",
    "k500_flux.obj"
  ]
}