{
  "name": "rank193_fold4_paper_4fold_bwd_17__anti_h11_p043_eps8e-04",
  "rank": 193,
  "kind": "bonnet_atlas_theorem9",
  "seed_label": "paper_4fold_bwd_17",
  "forcing_label": "anti_h11_p043",
  "forcing_family": "anti_reflection",
  "symmetry_fold": 4,
  "tau_imag": 0.27330578925,
  "delta": 1.8998638492382074,
  "s1": -3.13060628,
  "s2": 1.6583102337903008,
  "epsilon": 0.00075,
  "epsilon_bonnet": 0.3,
  "alpha": [
    -0.01059022133920707,
    -0.07460733989471276,
    0.1428883298163044
  ],
  "residual_norm": 8.173332218050249e-05,
  "ratio": 1.0000279931398137,
  "verified_ratio": 1.000013216073175,
  "validation_score": 0.00014066649398064286,
  "b_scalar": -6.887289204387734e-05,
  "c_scalar": 1.8346663550493011e-06,
  "closure": {
    "rotation_angle": 1.5708170865540945,
    "k_fold": 4,
    "k_theta_over_2pi": 1.000013216073175,
    "rationality_error": 1.3216073174948662e-05,
    "is_rational": true,
    "axis_direction": [
      -0.004991045221166422,
      0.8208313375396804,
      0.5711488464318384
    ],
    "B_tilde_end": [
      0.7176470013139651,
      0.41289529108609724,
      -0.5871605884639319
    ],
    "axial_projection": -2.0507361769672716e-05,
    "axial_projection_abs": 2.0507361769672716e-05,
    "axial_B_norm": 1.0150159095015752,
    "paper_axial_scalar": null,
    "paper_axial_scalar_abs": null,
    "f_plus_closure_max": 4.987282355210313,
    "f_plus_closure_mean": 2.0652198730854523,
    "f_minus_closure_max": 4.966139602763886,
    "f_minus_closure_mean": 2.0605101004741035,
    "euler_plus": {
      "vertices": 6400,
      "edges": 12800,
      "faces": 6400,
      "euler_characteristic": 0,
      "expected": 0,
      "ok": true
    },
    "euler_minus": {
      "vertices": 6400,
      "edges": 12800,
      "faces": 6400,
      "euler_characteristic": 0,
      "expected": 0,
      "ok": true
    },
    "all_ok": true
  },
  "isometry": {
    "E_max_abs_err": 2.1316282072803006e-13,
    "F_max_abs_err": 476.85931266231853,
    "G_max_abs_err": 454.93886643669066,
    "E_max_rel_err": 2.859773169641465e-14,
    "F_max_scaled_err": 1.8102506315594113,
    "G_max_rel_err": 2.7611544163524147,
    "metric_max_err": 476.85931266231853,
    "interior_E_max_abs_err": 1.7053025658242404e-13,
    "interior_F_max_abs_err": 32.59217608159436,
    "interior_G_max_abs_err": 5.593122390638754,
    "interior_E_max_rel_err": 2.859773169641465e-14,
    "interior_F_max_scaled_err": 1.8102506315594113,
    "interior_G_max_rel_err": 2.7611544163524147,
    "interior_metric_max_err": 32.59217608159436,
    "interior_metric_mean_err": 1.3566298116077435,
    "trim_margin": 8
  },
  "mean_curvature": {
    "H_plus_mean": 0.9404855248428845,
    "H_minus_mean": 0.9229170004519998,
    "max_abs_diff": 143.29634245348566,
    "mean_abs_diff": 0.5882788968674444,
    "interior_max_diff": 12.493525974025282,
    "interior_mean_diff": 0.5563566864326268,
    "trim_margin": 8
  },
  "non_congruence": {
    "procrustes_disparity": 0.5211785140708575,
    "direct_mean_distance": 1.6575220517497848,
    "direct_max_distance": 6.944869684659388,
    "scale_ratio": 1.0006136019212526,
    "is_non_congruent": true
  },
  "n_vertices": 6400,
  "n_triangles": 12800,
  "n_flux_edges": 13529,
  "resolution": 80,
  "output_files": [
    "rank193_fold4_paper_4fold_bwd_17__anti_h11_p043_eps8e-04_f_plus.obj",
    "rank193_fold4_paper_4fold_bwd_17__anti_h11_p043_eps8e-04_f_minus.obj",
    "rank193_fold4_paper_4fold_bwd_17__anti_h11_p043_eps8e-04_flux.obj",
    "rank193_fold4_paper_4fold_bwd_17__anti_h11_p043_eps8e-04_material.mtl",
    "rank193_fold4_paper_4fold_bwd_17__anti_h11_p043_eps8e-04_metadata.json"
  ],
  "time_seconds": 743.7
}