{
  "name": "rank006_fold3_paper_3fold_bwd_5__hh_h14_p011_eps8e-04",
  "rank": 6,
  "kind": "bonnet_atlas_theorem9",
  "seed_label": "paper_3fold_bwd_5",
  "forcing_label": "hh_h14_p011",
  "forcing_family": "high_harmonic",
  "symmetry_fold": 3,
  "tau_imag": 0.30930578925,
  "delta": 1.960799973888406,
  "s1": -3.601381552,
  "s2": 0.8422066204288944,
  "epsilon": 0.00075,
  "epsilon_bonnet": 0.3,
  "alpha": [
    0.017023718920412025,
    -0.04904786303146631,
    0.1669405111031378
  ],
  "residual_norm": 5.743424149138533e-10,
  "ratio": 1.000000000011542,
  "verified_ratio": 0.9999689109387178,
  "validation_score": 1.392720571924473e-10,
  "b_scalar": -5.740677308518904e-10,
  "c_scalar": 1.605486577016535e-14,
  "closure": {
    "rotation_angle": 2.094329989615508,
    "k_fold": 3,
    "k_theta_over_2pi": 0.9999689109387178,
    "rationality_error": 3.1089061282241204e-05,
    "is_rational": true,
    "axis_direction": [
      0.0035262519133822754,
      0.9843102163791065,
      0.17641134736507139
    ],
    "B_tilde_end": [
      2.051973114189277,
      0.2008094524359641,
      -1.1589456556900974
    ],
    "axial_projection": 0.0004434050551464508,
    "axial_projection_abs": 0.0004434050551464508,
    "axial_B_norm": 2.365179301952861,
    "paper_axial_scalar": null,
    "paper_axial_scalar_abs": null,
    "f_plus_closure_max": 8.171994696228298,
    "f_plus_closure_mean": 3.769780079702822,
    "f_minus_closure_max": 8.19736226178873,
    "f_minus_closure_mean": 3.771432474276864,
    "euler_plus": {
      "vertices": 6400,
      "edges": 12800,
      "faces": 6400,
      "euler_characteristic": 0,
      "expected": 0,
      "ok": true
    },
    "euler_minus": {
      "vertices": 6400,
      "edges": 12800,
      "faces": 6400,
      "euler_characteristic": 0,
      "expected": 0,
      "ok": true
    },
    "all_ok": true
  },
  "isometry": {
    "E_max_abs_err": 3.410605131648481e-13,
    "F_max_abs_err": 1393.2451069221859,
    "G_max_abs_err": 2091.32927896623,
    "E_max_rel_err": 3.655571287788986e-14,
    "F_max_scaled_err": 1.7468476310025447,
    "G_max_rel_err": 2.4907740573529096,
    "metric_max_err": 2091.32927896623,
    "interior_E_max_abs_err": 1.9184653865522705e-13,
    "interior_F_max_abs_err": 6.921898610305668,
    "interior_G_max_abs_err": 7.115207910236968,
    "interior_E_max_rel_err": 1.2328626294262226e-14,
    "interior_F_max_scaled_err": 1.7468476310025447,
    "interior_G_max_rel_err": 2.4907740573529096,
    "interior_metric_max_err": 7.115207910236968,
    "interior_metric_mean_err": 1.487826694958759,
    "trim_margin": 8
  },
  "mean_curvature": {
    "H_plus_mean": 0.655335561571694,
    "H_minus_mean": 0.6450924359916153,
    "max_abs_diff": 20.575753077664544,
    "mean_abs_diff": 0.33849925183603025,
    "interior_max_diff": 4.549489480250137,
    "interior_mean_diff": 0.28253907469403455,
    "trim_margin": 8
  },
  "non_congruence": {
    "procrustes_disparity": 0.47287263073105523,
    "direct_mean_distance": 2.2169028372722908,
    "direct_max_distance": 9.509002210183699,
    "scale_ratio": 1.0004540855256312,
    "is_non_congruent": true
  },
  "n_vertices": 6400,
  "n_triangles": 12800,
  "n_flux_edges": 13529,
  "resolution": 80,
  "output_files": [
    "rank006_fold3_paper_3fold_bwd_5__hh_h14_p011_eps8e-04_f_plus.obj",
    "rank006_fold3_paper_3fold_bwd_5__hh_h14_p011_eps8e-04_f_minus.obj",
    "rank006_fold3_paper_3fold_bwd_5__hh_h14_p011_eps8e-04_flux.obj",
    "rank006_fold3_paper_3fold_bwd_5__hh_h14_p011_eps8e-04_material.mtl",
    "rank006_fold3_paper_3fold_bwd_5__hh_h14_p011_eps8e-04_metadata.json"
  ],
  "time_seconds": 353.22
}