{
  "name": "rank032_fold4_paper_4fold_bwd_11__phase_h7_p041_eps1e-03",
  "rank": 32,
  "kind": "bonnet_atlas_theorem9",
  "seed_label": "paper_4fold_bwd_11",
  "forcing_label": "phase_h7_p041",
  "forcing_family": "phase_shifted",
  "symmetry_fold": 4,
  "tau_imag": 0.29130578925,
  "delta": 1.7618367055891104,
  "s1": -3.13060628,
  "s2": 1.31286617056707,
  "epsilon": 0.001,
  "epsilon_bonnet": 0.3,
  "alpha": [
    0.0019494350288617155,
    -0.03967393522914421,
    0.08107097311263582
  ],
  "residual_norm": 1.301527615976726e-10,
  "ratio": 0.9999999999208137,
  "verified_ratio": 0.9999644488277114,
  "validation_score": 6.183844283211507e-10,
  "b_scalar": -3.594863295930395e-11,
  "c_scalar": 3.131175874138137e-16,
  "closure": {
    "rotation_angle": 1.5707404831440523,
    "k_fold": 4,
    "k_theta_over_2pi": 0.9999644488277114,
    "rationality_error": 3.5551172288594834e-05,
    "is_rational": true,
    "axis_direction": [
      -0.001804435888721509,
      0.9280524325130061,
      0.37244519934859643
    ],
    "B_tilde_end": [
      0.9795776514021163,
      0.3661125599659991,
      -0.9072214341986699
    ],
    "axial_projection": 0.00011379886658663407,
    "axial_projection_abs": 0.00011379886658663407,
    "axial_B_norm": 1.3844354489685804,
    "paper_axial_scalar": null,
    "paper_axial_scalar_abs": null,
    "f_plus_closure_max": 4.838589813071137,
    "f_plus_closure_mean": 2.3142171041676427,
    "f_minus_closure_max": 4.829131785326973,
    "f_minus_closure_mean": 2.3119124533485533,
    "euler_plus": {
      "vertices": 6400,
      "edges": 12800,
      "faces": 6400,
      "euler_characteristic": 0,
      "expected": 0,
      "ok": true
    },
    "euler_minus": {
      "vertices": 6400,
      "edges": 12800,
      "faces": 6400,
      "euler_characteristic": 0,
      "expected": 0,
      "ok": true
    },
    "all_ok": true
  },
  "isometry": {
    "E_max_abs_err": 1.8474111129762605e-13,
    "F_max_abs_err": 644.9874903186169,
    "G_max_abs_err": 536.1210753768801,
    "E_max_rel_err": 1.6082710672602053e-14,
    "F_max_scaled_err": 1.7734328693807357,
    "G_max_rel_err": 2.9185666122967167,
    "metric_max_err": 644.9874903186169,
    "interior_E_max_abs_err": 1.8474111129762605e-13,
    "interior_F_max_abs_err": 6.426626175332344,
    "interior_G_max_abs_err": 7.150670487830091,
    "interior_E_max_rel_err": 1.6082710672602053e-14,
    "interior_F_max_scaled_err": 1.7734328693807357,
    "interior_G_max_rel_err": 2.9185666122967167,
    "interior_metric_max_err": 7.150670487830091,
    "interior_metric_mean_err": 1.2794450928659786,
    "trim_margin": 8
  },
  "mean_curvature": {
    "H_plus_mean": 0.8429855880522757,
    "H_minus_mean": 0.8337876446618315,
    "max_abs_diff": 122.4078759002437,
    "mean_abs_diff": 0.5052517200734209,
    "interior_max_diff": 7.421483275942837,
    "interior_mean_diff": 0.45785022204352255,
    "trim_margin": 8
  },
  "non_congruence": {
    "procrustes_disparity": 0.5291561241860573,
    "direct_mean_distance": 1.8430390327577604,
    "direct_max_distance": 6.722477203277546,
    "scale_ratio": 1.0003318073379417,
    "is_non_congruent": true
  },
  "n_vertices": 6400,
  "n_triangles": 12800,
  "n_flux_edges": 13529,
  "resolution": 80,
  "output_files": [
    "rank032_fold4_paper_4fold_bwd_11__phase_h7_p041_eps1e-03_f_plus.obj",
    "rank032_fold4_paper_4fold_bwd_11__phase_h7_p041_eps1e-03_f_minus.obj",
    "rank032_fold4_paper_4fold_bwd_11__phase_h7_p041_eps1e-03_flux.obj",
    "rank032_fold4_paper_4fold_bwd_11__phase_h7_p041_eps1e-03_material.mtl",
    "rank032_fold4_paper_4fold_bwd_11__phase_h7_p041_eps1e-03_metadata.json"
  ],
  "time_seconds": 427.96
}