{
  "name": "rank156_fold4_paper_4fold_bwd_7__smooth_h4_p019_eps8e-04",
  "rank": 156,
  "kind": "bonnet_atlas_theorem9",
  "seed_label": "paper_4fold_bwd_7",
  "forcing_label": "smooth_h4_p019",
  "forcing_family": "smooth_low_freq",
  "symmetry_fold": 4,
  "tau_imag": 0.30330578925,
  "delta": 1.685208525101257,
  "s1": -3.13060628,
  "s2": 1.0486350412695395,
  "epsilon": 0.00075,
  "epsilon_bonnet": 0.3,
  "alpha": [
    -0.008984482212503066,
    -0.07164012190485373,
    0.08681562128860534
  ],
  "residual_norm": 8.931482185462626e-06,
  "ratio": 0.9999986661917324,
  "verified_ratio": 0.9999939105767569,
  "validation_score": 2.151262028607218e-05,
  "b_scalar": -8.680244470305604e-06,
  "c_scalar": -1.8738636740119746e-07,
  "closure": {
    "rotation_angle": 1.570786761551234,
    "k_fold": 4,
    "k_theta_over_2pi": 0.9999939105767569,
    "rationality_error": 6.089423243094139e-06,
    "is_rational": true,
    "axis_direction": [
      -0.006100884121580362,
      0.9779642985659998,
      0.20868303702804225
    ],
    "B_tilde_end": [
      1.2204342923703735,
      0.26156508034796966,
      -1.1897278814576446
    ],
    "axial_projection": 7.955459658706698e-05,
    "axial_projection_abs": 7.955459658706698e-05,
    "axial_B_norm": 1.7243342440399163,
    "paper_axial_scalar": null,
    "paper_axial_scalar_abs": null,
    "f_plus_closure_max": 5.299053174683174,
    "f_plus_closure_mean": 2.6596431880693694,
    "f_minus_closure_max": 5.264106606402327,
    "f_minus_closure_mean": 2.652268663944995,
    "euler_plus": {
      "vertices": 6400,
      "edges": 12800,
      "faces": 6400,
      "euler_characteristic": 0,
      "expected": 0,
      "ok": true
    },
    "euler_minus": {
      "vertices": 6400,
      "edges": 12800,
      "faces": 6400,
      "euler_characteristic": 0,
      "expected": 0,
      "ok": true
    },
    "all_ok": true
  },
  "isometry": {
    "E_max_abs_err": 1.2789769243681803e-13,
    "F_max_abs_err": 888.7327259988647,
    "G_max_abs_err": 873.5014608967313,
    "E_max_rel_err": 1.5634414811800828e-14,
    "F_max_scaled_err": 1.5982808583178412,
    "G_max_rel_err": 2.2072065912422656,
    "metric_max_err": 888.7327259988647,
    "interior_E_max_abs_err": 1.2789769243681803e-13,
    "interior_F_max_abs_err": 6.074995628318023,
    "interior_G_max_abs_err": 4.773022756975628,
    "interior_E_max_rel_err": 1.2081097580414006e-14,
    "interior_F_max_scaled_err": 1.5982808583178412,
    "interior_G_max_rel_err": 2.2072065912422656,
    "interior_metric_max_err": 6.074995628318023,
    "interior_metric_mean_err": 1.2838945216664812,
    "trim_margin": 8
  },
  "mean_curvature": {
    "H_plus_mean": 0.741767579383251,
    "H_minus_mean": 0.7339411276313337,
    "max_abs_diff": 123.01773852804564,
    "mean_abs_diff": 0.4184216025599969,
    "interior_max_diff": 4.698234184415891,
    "interior_mean_diff": 0.3338373512384771,
    "trim_margin": 8
  },
  "non_congruence": {
    "procrustes_disparity": 0.5109104793627861,
    "direct_mean_distance": 2.0184825435927265,
    "direct_max_distance": 7.665411207034797,
    "scale_ratio": 1.0003554093107736,
    "is_non_congruent": true
  },
  "n_vertices": 6400,
  "n_triangles": 12800,
  "n_flux_edges": 13529,
  "resolution": 80,
  "output_files": [
    "rank156_fold4_paper_4fold_bwd_7__smooth_h4_p019_eps8e-04_f_plus.obj",
    "rank156_fold4_paper_4fold_bwd_7__smooth_h4_p019_eps8e-04_f_minus.obj",
    "rank156_fold4_paper_4fold_bwd_7__smooth_h4_p019_eps8e-04_flux.obj",
    "rank156_fold4_paper_4fold_bwd_7__smooth_h4_p019_eps8e-04_material.mtl",
    "rank156_fold4_paper_4fold_bwd_7__smooth_h4_p019_eps8e-04_metadata.json"
  ],
  "time_seconds": 278.57
}