{
  "name": "rank105_fold3_paper_3fold_bwd_14__phase_h7_p041_eps1e-03",
  "rank": 105,
  "kind": "bonnet_atlas_theorem9",
  "seed_label": "paper_3fold_bwd_14",
  "forcing_label": "phase_h7_p041",
  "forcing_family": "phase_shifted",
  "symmetry_fold": 3,
  "tau_imag": 0.28230578925,
  "delta": 2.194223514151603,
  "s1": -3.601381552,
  "s2": 1.2710695712321758,
  "epsilon": 0.001,
  "epsilon_bonnet": 0.3,
  "alpha": [
    -0.013550718418407489,
    -0.08941459198676333,
    0.12634052072866933
  ],
  "residual_norm": 0.00027165682538027016,
  "ratio": 0.9999091892476836,
  "verified_ratio": 0.9998774182459701,
  "validation_score": 3.264714595705248e-08,
  "b_scalar": -0.00019396862268460102,
  "c_scalar": -3.931104933675017e-08,
  "closure": {
    "rotation_angle": 2.0941383677679126,
    "k_fold": 3,
    "k_theta_over_2pi": 0.9998774182459701,
    "rationality_error": 0.00012258175402990457,
    "is_rational": true,
    "axis_direction": [
      -0.007165898860939728,
      0.852586944897254,
      0.5225362679128424
    ],
    "B_tilde_end": [
      1.2361591021552452,
      0.38066689690370753,
      -0.603774495066761
    ],
    "axial_projection": 0.00019936423942928938,
    "axial_projection_abs": 0.00019936423942928938,
    "axial_B_norm": 1.427424342349773,
    "paper_axial_scalar": null,
    "paper_axial_scalar_abs": null,
    "f_plus_closure_max": 7.88184532706415,
    "f_plus_closure_mean": 2.8327875802430187,
    "f_minus_closure_max": 7.842836206055812,
    "f_minus_closure_mean": 2.8228042372959674,
    "euler_plus": {
      "vertices": 6400,
      "edges": 12800,
      "faces": 6400,
      "euler_characteristic": 0,
      "expected": 0,
      "ok": true
    },
    "euler_minus": {
      "vertices": 6400,
      "edges": 12800,
      "faces": 6400,
      "euler_characteristic": 0,
      "expected": 0,
      "ok": true
    },
    "all_ok": true
  },
  "isometry": {
    "E_max_abs_err": 2.5579538487363607e-13,
    "F_max_abs_err": 823.7507904602726,
    "G_max_abs_err": 1298.103731296811,
    "E_max_rel_err": 2.7978036812268666e-14,
    "F_max_scaled_err": 2.026605392417501,
    "G_max_rel_err": 3.3818895040250005,
    "metric_max_err": 1298.103731296811,
    "interior_E_max_abs_err": 2.2737367544323206e-13,
    "interior_F_max_abs_err": 17.26635118151303,
    "interior_G_max_abs_err": 8.598399420538556,
    "interior_E_max_rel_err": 2.7978036812268666e-14,
    "interior_F_max_scaled_err": 2.026605392417501,
    "interior_G_max_rel_err": 3.3818895040250005,
    "interior_metric_max_err": 17.26635118151303,
    "interior_metric_mean_err": 1.404778988282362,
    "trim_margin": 8
  },
  "mean_curvature": {
    "H_plus_mean": 0.9404960317138253,
    "H_minus_mean": 0.9090188760361798,
    "max_abs_diff": 267.47070624305593,
    "mean_abs_diff": 0.7360995751862706,
    "interior_max_diff": 267.47070624305593,
    "interior_mean_diff": 0.8631747907480986,
    "trim_margin": 8
  },
  "non_congruence": {
    "procrustes_disparity": 0.5177911064623809,
    "direct_mean_distance": 1.7686784720140378,
    "direct_max_distance": 8.117282452003556,
    "scale_ratio": 1.0002717821443798,
    "is_non_congruent": true
  },
  "n_vertices": 6400,
  "n_triangles": 12800,
  "n_flux_edges": 13529,
  "resolution": 80,
  "output_files": [
    "rank105_fold3_paper_3fold_bwd_14__phase_h7_p041_eps1e-03_f_plus.obj",
    "rank105_fold3_paper_3fold_bwd_14__phase_h7_p041_eps1e-03_f_minus.obj",
    "rank105_fold3_paper_3fold_bwd_14__phase_h7_p041_eps1e-03_flux.obj",
    "rank105_fold3_paper_3fold_bwd_14__phase_h7_p041_eps1e-03_material.mtl",
    "rank105_fold3_paper_3fold_bwd_14__phase_h7_p041_eps1e-03_metadata.json"
  ],
  "time_seconds": 602.15
}