{
  "name": "rank225_fold4_paper_4fold_bwd_12__smooth_h3_p011_eps1e-03",
  "rank": 225,
  "kind": "bonnet_atlas_theorem9",
  "seed_label": "paper_4fold_bwd_12",
  "forcing_label": "smooth_h3_p011",
  "forcing_family": "smooth_low_freq",
  "symmetry_fold": 4,
  "tau_imag": 0.28830578925,
  "delta": 1.7828157364464166,
  "s1": -3.13060628,
  "s2": 1.3740349295843717,
  "epsilon": 0.001,
  "epsilon_bonnet": 0.3,
  "alpha": [
    -0.0758687022867247,
    -0.06993765917298748,
    -0.21736098670328435
  ],
  "residual_norm": 0.0038737450440291146,
  "ratio": 0.9978149341094034,
  "verified_ratio": 0.9977673484369918,
  "validation_score": 0.011227260041238477,
  "b_scalar": -0.0012396555389126498,
  "c_scalar": 0.0012994292249618087,
  "closure": {
    "rotation_angle": 1.5672892859207104,
    "k_fold": 4,
    "k_theta_over_2pi": 0.9977673484369918,
    "rationality_error": 0.0022326515630082255,
    "is_rational": true,
    "axis_direction": [
      -0.016017702975358154,
      0.9128519453021757,
      0.4079764198448568
    ],
    "B_tilde_end": [
      0.9173288338256038,
      0.39439231824267384,
      -0.8423997616183952
    ],
    "axial_projection": 0.0016490553058756685,
    "axial_projection_abs": 0.0016490553058756685,
    "axial_B_norm": 1.3063976609101082,
    "paper_axial_scalar": null,
    "paper_axial_scalar_abs": null,
    "f_plus_closure_max": 4.756250738784995,
    "f_plus_closure_mean": 2.261622269190293,
    "f_minus_closure_max": 4.6888720687447325,
    "f_minus_closure_mean": 2.247791584376129,
    "euler_plus": {
      "vertices": 6400,
      "edges": 12800,
      "faces": 6400,
      "euler_characteristic": 0,
      "expected": 0,
      "ok": true
    },
    "euler_minus": {
      "vertices": 6400,
      "edges": 12800,
      "faces": 6400,
      "euler_characteristic": 0,
      "expected": 0,
      "ok": true
    },
    "all_ok": true
  },
  "isometry": {
    "E_max_abs_err": 1.8474111129762605e-13,
    "F_max_abs_err": 649.2805725426884,
    "G_max_abs_err": 752.203394579391,
    "E_max_rel_err": 1.8082922538151624e-14,
    "F_max_scaled_err": 1.842818719399134,
    "G_max_rel_err": 4.361305990322865,
    "metric_max_err": 752.203394579391,
    "interior_E_max_abs_err": 1.7053025658242404e-13,
    "interior_F_max_abs_err": 9.918089216544972,
    "interior_G_max_abs_err": 11.104422309240334,
    "interior_E_max_rel_err": 1.8082922538151624e-14,
    "interior_F_max_scaled_err": 1.842818719399134,
    "interior_G_max_rel_err": 4.361305990322865,
    "interior_metric_max_err": 11.104422309240334,
    "interior_metric_mean_err": 1.3834564244194194,
    "trim_margin": 8
  },
  "mean_curvature": {
    "H_plus_mean": 0.8766145749436959,
    "H_minus_mean": 0.895749736603166,
    "max_abs_diff": 160.46692724293789,
    "mean_abs_diff": 0.5989154282042929,
    "interior_max_diff": 18.928855796717865,
    "interior_mean_diff": 0.5887986172451427,
    "trim_margin": 8
  },
  "non_congruence": {
    "procrustes_disparity": 0.5179023467934784,
    "direct_mean_distance": 1.804364547283617,
    "direct_max_distance": 6.602336472615177,
    "scale_ratio": 0.9993923599480082,
    "is_non_congruent": true
  },
  "n_vertices": 6400,
  "n_triangles": 12800,
  "n_flux_edges": 13529,
  "resolution": 80,
  "output_files": [
    "rank225_fold4_paper_4fold_bwd_12__smooth_h3_p011_eps1e-03_f_plus.obj",
    "rank225_fold4_paper_4fold_bwd_12__smooth_h3_p011_eps1e-03_f_minus.obj",
    "rank225_fold4_paper_4fold_bwd_12__smooth_h3_p011_eps1e-03_flux.obj",
    "rank225_fold4_paper_4fold_bwd_12__smooth_h3_p011_eps1e-03_material.mtl",
    "rank225_fold4_paper_4fold_bwd_12__smooth_h3_p011_eps1e-03_metadata.json"
  ],
  "time_seconds": 895.7
}