{
  "name": "rank007_fold4_paper_4fold_bwd_9__smooth_h4_p019_eps5e-04",
  "rank": 7,
  "kind": "bonnet_atlas_theorem9",
  "seed_label": "paper_4fold_bwd_9",
  "forcing_label": "smooth_h4_p019",
  "forcing_family": "smooth_low_freq",
  "symmetry_fold": 4,
  "tau_imag": 0.29730578925,
  "delta": 1.7220258463707672,
  "s1": -3.13060628,
  "s2": 1.1851387799842026,
  "epsilon": 0.0005,
  "epsilon_bonnet": 0.3,
  "alpha": [
    -0.035320422516311845,
    -0.08021149211882726,
    -0.031379942309763716
  ],
  "residual_norm": 2.693413043855085e-10,
  "ratio": 0.9999999999614879,
  "verified_ratio": 0.9999938742684843,
  "validation_score": 1.740573541944719e-10,
  "b_scalar": -2.6226639610049673e-10,
  "c_scalar": 4.274358644806853e-15,
  "closure": {
    "rotation_angle": 1.5707867045183328,
    "k_fold": 4,
    "k_theta_over_2pi": 0.9999938742684843,
    "rationality_error": 6.125731515704835e-06,
    "is_rational": true,
    "axis_direction": [
      -0.011972314077169796,
      0.9557877982493226,
      0.2938134585299824
    ],
    "B_tilde_end": [
      1.0841705406356523,
      0.33188696966047737,
      -1.0352458236613902
    ],
    "axial_projection": 6.432989504900899e-05,
    "axial_projection_abs": 6.432989504900899e-05,
    "axial_B_norm": 1.535352935719005,
    "paper_axial_scalar": null,
    "paper_axial_scalar_abs": null,
    "f_plus_closure_max": 5.160338843343701,
    "f_plus_closure_mean": 2.4579124946936526,
    "f_minus_closure_max": 5.0985416124077965,
    "f_minus_closure_mean": 2.4464452441912927,
    "euler_plus": {
      "vertices": 6400,
      "edges": 12800,
      "faces": 6400,
      "euler_characteristic": 0,
      "expected": 0,
      "ok": true
    },
    "euler_minus": {
      "vertices": 6400,
      "edges": 12800,
      "faces": 6400,
      "euler_characteristic": 0,
      "expected": 0,
      "ok": true
    },
    "all_ok": true
  },
  "isometry": {
    "E_max_abs_err": 1.4210854715202004e-13,
    "F_max_abs_err": 687.2552447345025,
    "G_max_abs_err": 816.2664542639013,
    "E_max_rel_err": 1.6022413332137737e-14,
    "F_max_scaled_err": 1.70146951797949,
    "G_max_rel_err": 2.3878371009824346,
    "metric_max_err": 816.2664542639013,
    "interior_E_max_abs_err": 1.3500311979441904e-13,
    "interior_F_max_abs_err": 14.531616048685077,
    "interior_G_max_abs_err": 4.0946767736163565,
    "interior_E_max_rel_err": 1.6022413332137737e-14,
    "interior_F_max_scaled_err": 1.70146951797949,
    "interior_G_max_rel_err": 2.3878371009824346,
    "interior_metric_max_err": 14.531616048685077,
    "interior_metric_mean_err": 1.3045348281299411,
    "trim_margin": 8
  },
  "mean_curvature": {
    "H_plus_mean": 0.7780146960985914,
    "H_minus_mean": 0.7796069813603184,
    "max_abs_diff": 136.48876004035162,
    "mean_abs_diff": 0.46868141811223557,
    "interior_max_diff": 6.210968019338434,
    "interior_mean_diff": 0.3998931197747641,
    "trim_margin": 8
  },
  "non_congruence": {
    "procrustes_disparity": 0.5352011758673905,
    "direct_mean_distance": 1.921573464755103,
    "direct_max_distance": 7.107528920444568,
    "scale_ratio": 0.9999810325457473,
    "is_non_congruent": true
  },
  "n_vertices": 6400,
  "n_triangles": 12800,
  "n_flux_edges": 13529,
  "resolution": 80,
  "output_files": [
    "rank007_fold4_paper_4fold_bwd_9__smooth_h4_p019_eps5e-04_f_plus.obj",
    "rank007_fold4_paper_4fold_bwd_9__smooth_h4_p019_eps5e-04_f_minus.obj",
    "rank007_fold4_paper_4fold_bwd_9__smooth_h4_p019_eps5e-04_flux.obj",
    "rank007_fold4_paper_4fold_bwd_9__smooth_h4_p019_eps5e-04_material.mtl",
    "rank007_fold4_paper_4fold_bwd_9__smooth_h4_p019_eps5e-04_metadata.json"
  ],
  "time_seconds": 397.6
}