{
  "name": "rank013_fold3_paper_3fold_bwd_10__phase_h7_p041_eps1e-03",
  "rank": 13,
  "kind": "bonnet_atlas_theorem9",
  "seed_label": "paper_3fold_bwd_10",
  "forcing_label": "phase_h7_p041",
  "forcing_family": "phase_shifted",
  "symmetry_fold": 3,
  "tau_imag": 0.29430578925,
  "delta": 2.0764338093141723,
  "s1": -3.601381552,
  "s2": 1.103216823797698,
  "epsilon": 0.001,
  "epsilon_bonnet": 0.3,
  "alpha": [
    0.02112262534639852,
    -0.03830067885864087,
    0.17135284468192558
  ],
  "residual_norm": 3.687317586710744e-10,
  "ratio": 0.9999999998821575,
  "verified_ratio": 0.9999299559490946,
  "validation_score": 2.568945028771387e-10,
  "b_scalar": 2.740254585742452e-10,
  "c_scalar": 8.300651832549022e-16,
  "closure": {
    "rotation_angle": 2.0942484024760275,
    "k_fold": 3,
    "k_theta_over_2pi": 0.9999299559490946,
    "rationality_error": 7.004405090538235e-05,
    "is_rational": true,
    "axis_direction": [
      0.004276771406528624,
      0.9221892002154541,
      0.38671538401299366
    ],
    "B_tilde_end": [
      1.5384774171904816,
      0.3345293773867409,
      -0.8140846300179422
    ],
    "axial_projection": 0.0002600448918182452,
    "axial_projection_abs": 0.0002600448918182452,
    "axial_B_norm": 1.7724436387009055,
    "paper_axial_scalar": null,
    "paper_axial_scalar_abs": null,
    "f_plus_closure_max": 7.6624010010235315,
    "f_plus_closure_mean": 3.080588108215607,
    "f_minus_closure_max": 7.693175485483857,
    "f_minus_closure_mean": 3.083373425017111,
    "euler_plus": {
      "vertices": 6400,
      "edges": 12800,
      "faces": 6400,
      "euler_characteristic": 0,
      "expected": 0,
      "ok": true
    },
    "euler_minus": {
      "vertices": 6400,
      "edges": 12800,
      "faces": 6400,
      "euler_characteristic": 0,
      "expected": 0,
      "ok": true
    },
    "all_ok": true
  },
  "isometry": {
    "E_max_abs_err": 1.9895196601282805e-13,
    "F_max_abs_err": 852.239647877446,
    "G_max_abs_err": 1327.8496852659591,
    "E_max_rel_err": 2.206120787466046e-14,
    "F_max_scaled_err": 1.9064752047770201,
    "G_max_rel_err": 2.723665822239626,
    "metric_max_err": 1327.8496852659591,
    "interior_E_max_abs_err": 1.1368683772161603e-13,
    "interior_F_max_abs_err": 13.083973663902505,
    "interior_G_max_abs_err": 6.497834371665206,
    "interior_E_max_rel_err": 2.0589783218734498e-14,
    "interior_F_max_scaled_err": 1.9064752047770201,
    "interior_G_max_rel_err": 2.723665822239626,
    "interior_metric_max_err": 13.083973663902505,
    "interior_metric_mean_err": 1.427143014322184,
    "trim_margin": 8
  },
  "mean_curvature": {
    "H_plus_mean": 0.7782473699680479,
    "H_minus_mean": 0.7606687553400198,
    "max_abs_diff": 16.23563236130211,
    "mean_abs_diff": 0.45115959376738346,
    "interior_max_diff": 13.90038100289685,
    "interior_mean_diff": 0.44783659323064395,
    "trim_margin": 8
  },
  "non_congruence": {
    "procrustes_disparity": 0.5182487231375293,
    "direct_mean_distance": 1.9273780421954945,
    "direct_max_distance": 8.251232945350843,
    "scale_ratio": 1.0004667899501265,
    "is_non_congruent": true
  },
  "n_vertices": 6400,
  "n_triangles": 12800,
  "n_flux_edges": 13529,
  "resolution": 80,
  "output_files": [
    "rank013_fold3_paper_3fold_bwd_10__phase_h7_p041_eps1e-03_f_plus.obj",
    "rank013_fold3_paper_3fold_bwd_10__phase_h7_p041_eps1e-03_f_minus.obj",
    "rank013_fold3_paper_3fold_bwd_10__phase_h7_p041_eps1e-03_flux.obj",
    "rank013_fold3_paper_3fold_bwd_10__phase_h7_p041_eps1e-03_material.mtl",
    "rank013_fold3_paper_3fold_bwd_10__phase_h7_p041_eps1e-03_metadata.json"
  ],
  "time_seconds": 261.12
}