{
  "name": "rank163_fold4_paper_4fold_bwd_10__phase_h7_p041_eps3e-04",
  "rank": 163,
  "kind": "bonnet_atlas_theorem9",
  "seed_label": "paper_4fold_bwd_10",
  "forcing_label": "phase_h7_p041",
  "forcing_family": "phase_shifted",
  "symmetry_fold": 4,
  "tau_imag": 0.29430578925,
  "delta": 1.7415740376906228,
  "s1": -3.13060628,
  "s2": 1.2499659204910494,
  "epsilon": 0.00025,
  "epsilon_bonnet": 0.3,
  "alpha": [
    -0.03772497245909102,
    -0.08050938256654612,
    -0.039512487591052525
  ],
  "residual_norm": 4.552715247928119e-09,
  "ratio": 1.0000000010301884,
  "verified_ratio": 0.9999930985492022,
  "validation_score": 2.7173326103665287e-05,
  "b_scalar": -4.255663852564817e-09,
  "c_scalar": 8.873736814796196e-12,
  "closure": {
    "rotation_angle": 1.5707854860213337,
    "k_fold": 4,
    "k_theta_over_2pi": 0.9999930985492022,
    "rationality_error": 6.901450797847097e-06,
    "is_rational": true,
    "axis_direction": [
      -0.012051268082376351,
      0.9424034902587561,
      0.33426101849560796
    ],
    "B_tilde_end": [
      1.0256838372940438,
      0.35583361158645566,
      -0.9660789219782064
    ],
    "axial_projection": 5.552221188914741e-05,
    "axial_projection_abs": 5.552221188914741e-05,
    "axial_B_norm": 1.4532561290809918,
    "paper_axial_scalar": null,
    "paper_axial_scalar_abs": null,
    "f_plus_closure_max": 4.996168525303096,
    "f_plus_closure_mean": 2.382137179636172,
    "f_minus_closure_max": 4.937811812997017,
    "f_minus_closure_mean": 2.3708103998898507,
    "euler_plus": {
      "vertices": 6400,
      "edges": 12800,
      "faces": 6400,
      "euler_characteristic": 0,
      "expected": 0,
      "ok": true
    },
    "euler_minus": {
      "vertices": 6400,
      "edges": 12800,
      "faces": 6400,
      "euler_characteristic": 0,
      "expected": 0,
      "ok": true
    },
    "all_ok": true
  },
  "isometry": {
    "E_max_abs_err": 1.2789769243681803e-13,
    "F_max_abs_err": 668.6219714967872,
    "G_max_abs_err": 763.9273335340622,
    "E_max_rel_err": 1.877792606117372e-14,
    "F_max_scaled_err": 1.7618677324977172,
    "G_max_rel_err": 2.8632784500574258,
    "metric_max_err": 763.9273335340622,
    "interior_E_max_abs_err": 1.2789769243681803e-13,
    "interior_F_max_abs_err": 8.814271919081586,
    "interior_G_max_abs_err": 5.593766941839029,
    "interior_E_max_rel_err": 1.5631137673058802e-14,
    "interior_F_max_scaled_err": 1.7618677324977172,
    "interior_G_max_rel_err": 2.8632784500574258,
    "interior_metric_max_err": 8.814271919081586,
    "interior_metric_mean_err": 1.285456943444549,
    "trim_margin": 8
  },
  "mean_curvature": {
    "H_plus_mean": 0.807009729522722,
    "H_minus_mean": 0.809436464126251,
    "max_abs_diff": 143.59642482000316,
    "mean_abs_diff": 0.49736847640726756,
    "interior_max_diff": 7.73802379936975,
    "interior_mean_diff": 0.4452489271549336,
    "trim_margin": 8
  },
  "non_congruence": {
    "procrustes_disparity": 0.5287676375394944,
    "direct_mean_distance": 1.8797357739536624,
    "direct_max_distance": 6.891759328974637,
    "scale_ratio": 0.9999524490170042,
    "is_non_congruent": true
  },
  "n_vertices": 6400,
  "n_triangles": 12800,
  "n_flux_edges": 13529,
  "resolution": 80,
  "output_files": [
    "rank163_fold4_paper_4fold_bwd_10__phase_h7_p041_eps3e-04_f_plus.obj",
    "rank163_fold4_paper_4fold_bwd_10__phase_h7_p041_eps3e-04_f_minus.obj",
    "rank163_fold4_paper_4fold_bwd_10__phase_h7_p041_eps3e-04_flux.obj",
    "rank163_fold4_paper_4fold_bwd_10__phase_h7_p041_eps3e-04_material.mtl",
    "rank163_fold4_paper_4fold_bwd_10__phase_h7_p041_eps3e-04_metadata.json"
  ],
  "time_seconds": 502.6
}