{
  "name": "rank222_fold4_paper_4fold_bwd_1__smooth_h4_p019_eps3e-04",
  "rank": 222,
  "kind": "bonnet_atlas_theorem9",
  "seed_label": "paper_4fold_bwd_1",
  "forcing_label": "smooth_h4_p019",
  "forcing_family": "smooth_low_freq",
  "symmetry_fold": 4,
  "tau_imag": 0.31826282050000004,
  "delta": 1.6160043829605861,
  "s1": -3.13060628,
  "s2": 0.64229967947852,
  "epsilon": 0.00025,
  "epsilon_bonnet": 0.3,
  "alpha": [
    0.0011881185900383976,
    -0.07825409667615672,
    0.14294457349272457
  ],
  "residual_norm": 0.0015456017078516373,
  "ratio": 0.9992136399047993,
  "verified_ratio": 0.9992142928640256,
  "validation_score": 0.005951477449495291,
  "b_scalar": -0.0009290516999465696,
  "c_scalar": 6.881380438562845e-08,
  "closure": {
    "rotation_angle": 1.5695621409117715,
    "k_fold": 4,
    "k_theta_over_2pi": 0.9992142928640256,
    "rationality_error": 0.0007857071359743673,
    "is_rational": true,
    "axis_direction": [
      -0.0036036730087873,
      0.9996307298356031,
      -0.02693357587074691
    ],
    "B_tilde_end": [
      1.7113582462170567,
      -0.03828735394433308,
      -1.7038325708069684
    ],
    "axial_projection": 0.001449912729773524,
    "axial_projection_abs": 0.001449912729773524,
    "axial_B_norm": 2.415213944500541,
    "paper_axial_scalar": null,
    "paper_axial_scalar_abs": null,
    "f_plus_closure_max": 7.783604808604161,
    "f_plus_closure_mean": 3.8061029128148407,
    "f_minus_closure_max": 7.747184615177611,
    "f_minus_closure_mean": 3.798427716986417,
    "euler_plus": {
      "vertices": 6400,
      "edges": 12800,
      "faces": 6400,
      "euler_characteristic": 0,
      "expected": 0,
      "ok": true
    },
    "euler_minus": {
      "vertices": 6400,
      "edges": 12800,
      "faces": 6400,
      "euler_characteristic": 0,
      "expected": 0,
      "ok": true
    },
    "all_ok": true
  },
  "isometry": {
    "E_max_abs_err": 6.252776074688882e-13,
    "F_max_abs_err": 3174.183697802312,
    "G_max_abs_err": 2938.9704115661107,
    "E_max_rel_err": 3.296103684746169e-14,
    "F_max_scaled_err": 1.5817147062683297,
    "G_max_rel_err": 1.1496487367201464,
    "metric_max_err": 3174.183697802312,
    "interior_E_max_abs_err": 1.2079226507921703e-13,
    "interior_F_max_abs_err": 3.629773929233915,
    "interior_G_max_abs_err": 3.0495034488932937,
    "interior_E_max_rel_err": 2.4242475265866956e-14,
    "interior_F_max_scaled_err": 1.1017473814924306,
    "interior_G_max_rel_err": 1.1496487367201464,
    "interior_metric_max_err": 3.629773929233915,
    "interior_metric_mean_err": 1.2790796496802574,
    "trim_margin": 8
  },
  "mean_curvature": {
    "H_plus_mean": 0.6240367783830597,
    "H_minus_mean": 0.6184144961627335,
    "max_abs_diff": 85.30129292559516,
    "mean_abs_diff": 0.32939079057718473,
    "interior_max_diff": 1.6202131144995608,
    "interior_mean_diff": 0.1510298021597955,
    "trim_margin": 8
  },
  "non_congruence": {
    "procrustes_disparity": 0.40284225562682247,
    "direct_mean_distance": 2.38470909507234,
    "direct_max_distance": 11.711103657033824,
    "scale_ratio": 1.0002962762964618,
    "is_non_congruent": true
  },
  "n_vertices": 6400,
  "n_triangles": 12800,
  "n_flux_edges": 13529,
  "resolution": 80,
  "output_files": [
    "rank222_fold4_paper_4fold_bwd_1__smooth_h4_p019_eps3e-04_f_plus.obj",
    "rank222_fold4_paper_4fold_bwd_1__smooth_h4_p019_eps3e-04_f_minus.obj",
    "rank222_fold4_paper_4fold_bwd_1__smooth_h4_p019_eps3e-04_flux.obj",
    "rank222_fold4_paper_4fold_bwd_1__smooth_h4_p019_eps3e-04_material.mtl",
    "rank222_fold4_paper_4fold_bwd_1__smooth_h4_p019_eps3e-04_metadata.json"
  ],
  "time_seconds": 469.34
}