{
  "name": "rank215_fold3_paper_3fold_bwd_12__smooth_h4_p019_eps5e-04",
  "rank": 215,
  "kind": "bonnet_atlas_theorem9",
  "seed_label": "paper_3fold_bwd_12",
  "forcing_label": "smooth_h4_p019",
  "forcing_family": "smooth_low_freq",
  "symmetry_fold": 3,
  "tau_imag": 0.28830578925,
  "delta": 2.13191675223883,
  "s1": -3.601381552,
  "s2": 1.1915818194730883,
  "epsilon": 0.0005,
  "epsilon_bonnet": 0.3,
  "alpha": [
    0.0036250866431061374,
    -0.08762189271947518,
    0.2284096351571957
  ],
  "residual_norm": 2.612810487501894e-08,
  "ratio": 0.9999999901228205,
  "verified_ratio": 0.999976052183218,
  "validation_score": 0.0003977506470192986,
  "b_scalar": 1.5961414093212944e-08,
  "c_scalar": 3.945111338304885e-11,
  "closure": {
    "rotation_angle": 2.094344946203014,
    "k_fold": 3,
    "k_theta_over_2pi": 0.999976052183218,
    "rationality_error": 2.3947816782055042e-05,
    "is_rational": true,
    "axis_direction": [
      -0.0018605278442657134,
      0.8883536839426472,
      0.4591560417349071
    ],
    "B_tilde_end": [
      1.3766529923201527,
      0.36383726178966413,
      -0.6986473045140135
    ],
    "axial_projection": -0.00013326026706655947,
    "axial_projection_abs": 0.00013326026706655947,
    "axial_B_norm": 1.5860829330256752,
    "paper_axial_scalar": null,
    "paper_axial_scalar_abs": null,
    "f_plus_closure_max": 7.496482599888439,
    "f_plus_closure_mean": 2.944946533966932,
    "f_minus_closure_max": 7.476483064250255,
    "f_minus_closure_mean": 2.939480820002231,
    "euler_plus": {
      "vertices": 6400,
      "edges": 12800,
      "faces": 6400,
      "euler_characteristic": 0,
      "expected": 0,
      "ok": true
    },
    "euler_minus": {
      "vertices": 6400,
      "edges": 12800,
      "faces": 6400,
      "euler_characteristic": 0,
      "expected": 0,
      "ok": true
    },
    "all_ok": true
  },
  "isometry": {
    "E_max_abs_err": 2.8421709430404007e-13,
    "F_max_abs_err": 912.9429502578936,
    "G_max_abs_err": 1184.1639173022359,
    "E_max_rel_err": 2.140706804579188e-14,
    "F_max_scaled_err": 1.9766834215355984,
    "G_max_rel_err": 4.1737466469353075,
    "metric_max_err": 1184.1639173022359,
    "interior_E_max_abs_err": 1.9895196601282805e-13,
    "interior_F_max_abs_err": 14.421850044740665,
    "interior_G_max_abs_err": 14.310933244224785,
    "interior_E_max_rel_err": 2.140706804579188e-14,
    "interior_F_max_scaled_err": 1.9766834215355984,
    "interior_G_max_rel_err": 4.1737466469353075,
    "interior_metric_max_err": 14.421850044740665,
    "interior_metric_mean_err": 1.493607482139418,
    "trim_margin": 8
  },
  "mean_curvature": {
    "H_plus_mean": 0.8844398001307203,
    "H_minus_mean": 0.8473651485006419,
    "max_abs_diff": 78.61092617660731,
    "mean_abs_diff": 0.5970314383291814,
    "interior_max_diff": 78.61092617660731,
    "interior_mean_diff": 0.6564039405022613,
    "trim_margin": 8
  },
  "non_congruence": {
    "procrustes_disparity": 0.5115332530664927,
    "direct_mean_distance": 1.841281526211231,
    "direct_max_distance": 8.11067458761185,
    "scale_ratio": 1.000574429090983,
    "is_non_congruent": true
  },
  "n_vertices": 6400,
  "n_triangles": 12800,
  "n_flux_edges": 13529,
  "resolution": 80,
  "output_files": [
    "rank215_fold3_paper_3fold_bwd_12__smooth_h4_p019_eps5e-04_f_plus.obj",
    "rank215_fold3_paper_3fold_bwd_12__smooth_h4_p019_eps5e-04_f_minus.obj",
    "rank215_fold3_paper_3fold_bwd_12__smooth_h4_p019_eps5e-04_flux.obj",
    "rank215_fold3_paper_3fold_bwd_12__smooth_h4_p019_eps5e-04_material.mtl",
    "rank215_fold3_paper_3fold_bwd_12__smooth_h4_p019_eps5e-04_metadata.json"
  ],
  "time_seconds": 655.19
}